,mat_School_name,mat_Gender,mat_Age,mat_Address,mat_Family_size ,mat_Pstatus ,mat_mother_education,mat_father_education,mat_mother_job,mat_father_job,mat_smat_chool_choice_reason,mat_student_guardian,mat_home_to_school_travel_time,mat_weekly_study_time,mat_past_class_failures,mat_extra_educational_support,mat_family_educational_support,mat_extra_paid_classes,mat_extra_curricular_activities,mat_attended_nursery_school,mat_wants_higher_education,mat_internet_access_at_home,mat_romantic_relationship,mat_quality_of_family_relationships,mat_free_time_after_school,mat_going_out_with_friends,mat_workday_alcohol_consumption,mat_weekend_alcohol_consumption,mat_current_health_status,mat_number_of_school_absences,mat_first_period_grade,mat_second_period_grade,mat_final_grade
0,Gabriel Pereira,Female,18,Urban,greater than 3,Apart,higher education,higher education,at_home,teacher,course,mother,15 to 30 min.,2 to 5 hours,0,yes,no,no,no,yes,yes,no,no,Good,Medium,High,Very Low,Very Low,Medium,6,5,6,6
1,Gabriel Pereira,Female,17,Urban,greater than 3,living together,primary education (4th grade),primary education (4th grade),at_home,other,course,father,<15 min,2 to 5 hours,0,no,yes,no,no,no,yes,yes,no,Excellent,Medium,Medium,Very Low,Very Low,Medium,4,5,5,6
2,Gabriel Pereira,Female,15,Urban,equal to 3,living together,primary education (4th grade),primary education (4th grade),at_home,other,other,mother,<15 min,2 to 5 hours,3,yes,no,yes,no,yes,yes,yes,no,Good,Medium,Low,Low,Medium,Medium,10,7,8,10
3,Gabriel Pereira,Female,15,Urban,greater than 3,living together,higher education,5th to 9th grade,health,services,home,mother,<15 min,5 to 10 hours,0,no,yes,yes,yes,yes,yes,yes,yes,Average,Low,Low,Very Low,Very Low,Very High,2,15,14,15
4,Gabriel Pereira,Female,16,Urban,greater than 3,living together,secondary education,secondary education,other,other,home,father,<15 min,2 to 5 hours,0,no,yes,yes,no,yes,yes,no,no,Good,Medium,Low,Very Low,Low,Very High,4,6,10,10
5,Gabriel Pereira,Male,16,Urban,equal to 3,living together,higher education,secondary education,services,other,reputation,mother,<15 min,2 to 5 hours,0,no,yes,yes,yes,yes,yes,yes,no,Excellent,High,Low,Very Low,Low,Very High,10,15,15,15
6,Gabriel Pereira,Male,16,Urban,equal to 3,living together,5th to 9th grade,5th to 9th grade,other,other,home,mother,<15 min,2 to 5 hours,0,no,no,no,no,yes,yes,yes,no,Good,High,High,Very Low,Very Low,Medium,0,12,12,11
7,Gabriel Pereira,Female,17,Urban,greater than 3,Apart,higher education,higher education,other,teacher,home,mother,15 to 30 min.,2 to 5 hours,0,yes,yes,no,no,yes,yes,no,no,Good,Very Low,High,Very Low,Very Low,Very Low,6,6,5,6
8,Gabriel Pereira,Male,15,Urban,equal to 3,Apart,secondary education,5th to 9th grade,services,other,home,mother,<15 min,2 to 5 hours,0,no,yes,yes,no,yes,yes,yes,no,Good,Low,Low,Very Low,Very Low,Very Low,0,16,18,19
9,Gabriel Pereira,Male,15,Urban,greater than 3,living together,secondary education,higher education,other,other,home,mother,<15 min,2 to 5 hours,0,no,yes,yes,yes,yes,yes,yes,no,Excellent,Very High,Very Low,Very Low,Very Low,Very High,0,14,15,15
10,Gabriel Pereira,Female,15,Urban,greater than 3,living together,higher education,higher education,teacher,health,reputation,mother,<15 min,2 to 5 hours,0,no,yes,yes,no,yes,yes,yes,no,Average,Medium,Medium,Very Low,Low,Low,0,10,8,9
11,Gabriel Pereira,Female,15,Urban,greater than 3,living together,5th to 9th grade,primary education (4th grade),services,other,reputation,father,30 min. to 1 hour,5 to 10 hours,0,no,yes,no,yes,yes,yes,yes,no,Excellent,Low,Low,Very Low,Very Low,High,4,10,12,12
12,Gabriel Pereira,Male,15,Urban,equal to 3,living together,higher education,higher education,health,services,course,father,<15 min,<2 hours,0,no,yes,yes,yes,yes,yes,yes,no,Good,Medium,Medium,Very Low,Medium,Very High,2,14,14,14
13,Gabriel Pereira,Male,15,Urban,greater than 3,living together,higher education,secondary education,teacher,other,course,mother,15 to 30 min.,2 to 5 hours,0,no,yes,yes,no,yes,yes,yes,no,Excellent,High,Medium,Very Low,Low,Medium,2,10,10,11
14,Gabriel Pereira,Male,15,Urban,greater than 3,Apart,5th to 9th grade,5th to 9th grade,other,other,home,other,<15 min,5 to 10 hours,0,no,yes,no,no,yes,yes,yes,yes,Good,Very High,Low,Very Low,Very Low,Medium,0,14,16,16
15,Gabriel Pereira,Female,16,Urban,greater than 3,living together,higher education,higher education,health,other,home,mother,<15 min,<2 hours,0,no,yes,no,no,yes,yes,yes,no,Good,High,High,Very Low,Low,Low,4,14,14,14
16,Gabriel Pereira,Female,16,Urban,greater than 3,living together,higher education,higher education,services,services,reputation,mother,<15 min,5 to 10 hours,0,no,yes,yes,yes,yes,yes,yes,no,Average,Low,Medium,Very Low,Low,Low,6,13,14,14
17,Gabriel Pereira,Female,16,Urban,greater than 3,living together,secondary education,secondary education,other,other,reputation,mother,30 min. to 1 hour,2 to 5 hours,0,yes,yes,no,yes,yes,yes,no,no,Excellent,Medium,Low,Very Low,Very Low,High,4,8,10,10
18,Gabriel Pereira,Male,17,Urban,greater than 3,living together,secondary education,5th to 9th grade,services,services,course,mother,<15 min,<2 hours,3,no,yes,no,yes,yes,yes,yes,no,Excellent,Very High,Very High,Low,High,Very High,16,6,5,5
19,Gabriel Pereira,Male,16,Urban,equal to 3,living together,higher education,secondary education,health,other,home,father,<15 min,<2 hours,0,no,no,yes,yes,yes,yes,yes,no,Average,Very Low,Medium,Very Low,Medium,Very High,4,8,10,10
20,Gabriel Pereira,Male,15,Urban,greater than 3,living together,higher education,secondary education,teacher,other,reputation,mother,<15 min,2 to 5 hours,0,no,no,no,no,yes,yes,yes,no,Good,High,Very Low,Very Low,Very Low,Very Low,0,13,14,15
21,Gabriel Pereira,Male,15,Urban,greater than 3,living together,higher education,higher education,health,health,other,father,<15 min,<2 hours,0,no,yes,yes,no,yes,yes,yes,no,Excellent,High,Low,Very Low,Very Low,Very High,0,12,15,15
22,Gabriel Pereira,Male,16,Urban,equal to 3,living together,higher education,5th to 9th grade,teacher,other,course,mother,<15 min,2 to 5 hours,0,no,no,no,yes,yes,yes,yes,no,Good,Very High,Very Low,Very Low,Medium,Very High,2,15,15,16
23,Gabriel Pereira,Male,16,Urban,equal to 3,living together,5th to 9th grade,5th to 9th grade,other,other,reputation,mother,15 to 30 min.,2 to 5 hours,0,no,yes,no,yes,yes,yes,yes,no,Excellent,High,High,Low,High,Very High,0,13,13,12
24,Gabriel Pereira,Female,15,Rural,greater than 3,living together,5th to 9th grade,higher education,services,health,course,mother,<15 min,5 to 10 hours,0,yes,yes,yes,yes,yes,yes,yes,no,Good,Medium,Low,Very Low,Very Low,Very High,2,10,9,8
25,Gabriel Pereira,Female,16,Urban,greater than 3,living together,5th to 9th grade,5th to 9th grade,services,services,home,mother,<15 min,<2 hours,2,no,yes,yes,no,no,yes,yes,no,Very bad,Low,Low,Very Low,Medium,Very High,14,6,9,8
26,Gabriel Pereira,Male,15,Urban,greater than 3,living together,5th to 9th grade,5th to 9th grade,other,other,home,mother,<15 min,<2 hours,0,no,yes,yes,no,yes,yes,yes,no,Good,Low,Low,Very Low,Low,Very High,2,12,12,11
27,Gabriel Pereira,Male,15,Urban,greater than 3,living together,higher education,5th to 9th grade,health,services,other,mother,<15 min,<2 hours,0,no,no,yes,no,yes,yes,yes,no,Bad,Low,High,Low,High,Very Low,4,15,16,15
28,Gabriel Pereira,Male,16,Urban,equal to 3,Apart,secondary education,higher education,services,other,home,mother,<15 min,2 to 5 hours,0,yes,yes,no,yes,yes,yes,yes,no,Excellent,Medium,Medium,Very Low,Very Low,Very High,4,11,11,11
29,Gabriel Pereira,Male,16,Urban,greater than 3,living together,higher education,higher education,teacher,teacher,home,mother,<15 min,2 to 5 hours,0,no,yes,yes,yes,yes,yes,yes,yes,Good,High,Very High,Very High,Very High,Very High,16,10,12,11
30,Gabriel Pereira,Male,15,Urban,greater than 3,living together,higher education,higher education,health,services,home,mother,<15 min,2 to 5 hours,0,no,yes,yes,no,no,yes,yes,no,Excellent,High,Low,Medium,High,Very High,0,9,11,12
31,Gabriel Pereira,Male,15,Urban,greater than 3,living together,higher education,higher education,services,services,reputation,mother,15 to 30 min.,2 to 5 hours,0,no,yes,no,yes,yes,yes,yes,no,Good,Medium,Very Low,Very Low,Very Low,Very High,0,17,16,17
32,Gabriel Pereira,Male,15,Rural,greater than 3,living together,higher education,secondary education,teacher,at_home,course,mother,<15 min,2 to 5 hours,0,no,yes,no,yes,yes,yes,yes,yes,Good,Very High,Low,Very Low,Very Low,Very High,0,17,16,16
33,Gabriel Pereira,Male,15,Urban,equal to 3,living together,secondary education,secondary education,other,other,course,mother,<15 min,2 to 5 hours,0,no,no,no,yes,no,yes,yes,no,Excellent,Medium,Low,Very Low,Very Low,Low,0,8,10,12
34,Gabriel Pereira,Male,16,Urban,greater than 3,living together,secondary education,5th to 9th grade,other,other,home,mother,<15 min,<2 hours,0,no,yes,yes,no,no,yes,yes,no,Excellent,High,Medium,Very Low,Very Low,Very High,0,12,14,15
35,Gabriel Pereira,Female,15,Urban,greater than 3,living together,5th to 9th grade,secondary education,other,other,other,father,15 to 30 min.,<2 hours,0,no,yes,no,yes,yes,yes,no,no,Average,Very High,Very Low,Very Low,Very Low,Very High,0,8,7,6
36,Gabriel Pereira,Male,15,Urban,equal to 3,living together,higher education,secondary education,teacher,services,home,mother,<15 min,5 to 10 hours,0,no,yes,no,yes,yes,yes,yes,no,Excellent,High,Medium,Very Low,Very Low,High,2,15,16,18
37,Gabriel Pereira,Male,16,Rural,greater than 3,Apart,higher education,higher education,other,teacher,reputation,mother,15 to 30 min.,5 to 10 hours,0,no,yes,no,yes,yes,yes,yes,yes,Bad,High,Medium,Very Low,Very Low,Very High,7,15,16,15
38,Gabriel Pereira,Female,15,Rural,greater than 3,living together,secondary education,higher education,services,health,course,mother,<15 min,5 to 10 hours,0,yes,yes,yes,yes,yes,yes,yes,no,Good,Medium,Low,Very Low,Very Low,Very High,2,12,12,11
39,Gabriel Pereira,Female,15,Rural,greater than 3,living together,5th to 9th grade,5th to 9th grade,at_home,other,reputation,mother,<15 min,<2 hours,0,yes,yes,yes,yes,yes,yes,no,no,Good,Medium,Very Low,Very Low,Very Low,Low,8,14,13,13
40,Gabriel Pereira,Female,16,Urban,equal to 3,living together,5th to 9th grade,5th to 9th grade,other,other,home,mother,15 to 30 min.,2 to 5 hours,1,no,yes,no,yes,no,yes,yes,yes,Average,Medium,Medium,Very Low,Low,Medium,25,7,10,11
41,Gabriel Pereira,Male,15,Urban,equal to 3,living together,higher education,higher education,teacher,other,home,other,<15 min,<2 hours,0,no,yes,no,no,no,yes,yes,yes,Excellent,High,Medium,Low,High,Very High,8,12,12,12
42,Gabriel Pereira,Male,15,Urban,greater than 3,living together,higher education,higher education,services,teacher,course,father,<15 min,2 to 5 hours,0,no,yes,no,yes,yes,yes,yes,no,Good,Medium,Medium,Very Low,Very Low,Very High,2,19,18,18
43,Gabriel Pereira,Male,15,Urban,greater than 3,living together,5th to 9th grade,5th to 9th grade,services,services,course,father,<15 min,<2 hours,0,yes,yes,no,no,yes,yes,yes,no,Excellent,High,Very Low,Very Low,Very Low,Very Low,0,8,8,11
44,Gabriel Pereira,Female,16,Urban,equal to 3,living together,5th to 9th grade,5th to 9th grade,other,at_home,course,father,15 to 30 min.,2 to 5 hours,1,yes,no,no,yes,yes,yes,yes,no,Good,Medium,Medium,Low,Low,Very High,14,10,10,9
45,Gabriel Pereira,Female,15,Urban,equal to 3,Apart,higher education,secondary education,other,other,course,mother,<15 min,2 to 5 hours,0,yes,yes,yes,yes,yes,yes,yes,yes,Excellent,Low,Low,Very Low,Very Low,Very High,8,8,8,6
46,Gabriel Pereira,Female,16,Urban,equal to 3,Apart,secondary education,secondary education,other,services,home,mother,<15 min,2 to 5 hours,0,no,yes,no,no,yes,yes,yes,no,Bad,Medium,Very High,Very Low,High,Medium,12,11,12,11
47,Gabriel Pereira,Male,16,Urban,greater than 3,living together,higher education,secondary education,health,services,reputation,mother,<15 min,  >10 hours,0,no,no,no,yes,yes,yes,yes,no,Good,Low,Low,Very Low,Very Low,Low,4,19,19,20
48,Gabriel Pereira,Male,15,Urban,greater than 3,living together,higher education,5th to 9th grade,teacher,other,home,mother,<15 min,2 to 5 hours,0,no,yes,yes,no,yes,yes,no,no,Good,Medium,Medium,Low,Low,Very High,2,15,15,14
49,Gabriel Pereira,Female,15,Urban,greater than 3,living together,higher education,higher education,services,teacher,other,father,<15 min,2 to 5 hours,1,yes,yes,no,yes,no,yes,yes,no,Good,High,High,Very Low,Very Low,Medium,2,7,7,7
50,Gabriel Pereira,Female,16,Urban,equal to 3,living together,5th to 9th grade,5th to 9th grade,services,services,course,mother,30 min. to 1 hour,2 to 5 hours,0,no,yes,yes,no,yes,yes,yes,no,Good,Medium,Medium,Low,Medium,High,2,12,13,13
51,Gabriel Pereira,Female,15,Urban,equal to 3,living together,higher education,5th to 9th grade,health,other,other,mother,<15 min,2 to 5 hours,0,no,yes,yes,no,yes,yes,yes,no,Good,Medium,Medium,Very Low,Very Low,Very High,2,11,13,13
52,Gabriel Pereira,Male,15,Urban,equal to 3,Apart,higher education,5th to 9th grade,health,health,other,father,15 to 30 min.,<2 hours,1,no,no,no,no,yes,yes,no,no,Excellent,Very High,Very High,Medium,High,Very High,6,11,11,10
53,Gabriel Pereira,Female,15,Urban,greater than 3,living together,higher education,higher education,services,services,course,mother,<15 min,<2 hours,0,yes,yes,yes,no,yes,yes,yes,no,Average,Medium,High,Low,Medium,Very High,0,8,10,11
54,Gabriel Pereira,Female,15,Urban,equal to 3,Apart,secondary education,secondary education,other,other,other,mother,<15 min,<2 hours,0,no,no,yes,no,yes,yes,yes,no,Excellent,Medium,High,High,High,Very Low,6,10,13,13
55,Gabriel Pereira,Female,16,Urban,greater than 3,Apart,5th to 9th grade,primary education (4th grade),other,other,other,mother,<15 min,2 to 5 hours,0,no,no,yes,yes,yes,yes,yes,yes,Excellent,Medium,High,Very Low,Very Low,Low,8,8,9,10
56,Gabriel Pereira,Female,15,Urban,greater than 3,Apart,higher education,secondary education,services,services,reputation,mother,<15 min,2 to 5 hours,0,no,yes,yes,yes,yes,yes,yes,no,Good,Medium,Low,Very Low,Very Low,Very Low,0,14,15,15
57,Gabriel Pereira,Male,15,Urban,greater than 3,living together,higher education,higher education,teacher,health,reputation,mother,<15 min,2 to 5 hours,0,no,yes,no,yes,yes,yes,no,no,Average,Low,Low,Very Low,Very Low,Very High,4,14,15,15
58,Gabriel Pereira,Male,15,Urban,equal to 3,living together,primary education (4th grade),5th to 9th grade,other,at_home,home,father,<15 min,2 to 5 hours,0,yes,yes,no,yes,yes,yes,yes,no,Good,Medium,Low,Very Low,Very Low,Very High,2,9,10,9
59,Gabriel Pereira,Female,16,Urban,greater than 3,living together,higher education,5th to 9th grade,services,other,course,mother,<15 min,2 to 5 hours,0,no,yes,no,no,yes,yes,yes,no,Good,Low,Medium,Very Low,Very Low,Very High,2,15,16,16
60,Gabriel Pereira,Female,16,Rural,greater than 3,living together,higher education,higher education,health,teacher,other,mother,<15 min,2 to 5 hours,0,no,yes,no,yes,yes,yes,no,no,Bad,High,High,Low,Medium,High,6,10,11,11
61,Gabriel Pereira,Female,16,Urban,greater than 3,living together,primary education (4th grade),primary education (4th grade),services,services,course,father, >1 hour,<2 hours,0,yes,yes,no,yes,no,yes,yes,yes,Excellent,Very High,Very High,Very High,Very High,Very High,6,10,8,11
62,Gabriel Pereira,Female,16,Urban,equal to 3,living together,primary education (4th grade),5th to 9th grade,other,services,reputation,father,<15 min,2 to 5 hours,0,yes,no,no,yes,yes,yes,yes,no,Good,High,Medium,Very Low,Very Low,Very Low,4,8,10,9
63,Gabriel Pereira,Female,16,Urban,greater than 3,living together,higher education,secondary education,teacher,health,home,mother,<15 min,5 to 10 hours,0,yes,yes,yes,yes,yes,yes,yes,no,Average,High,High,Low,High,High,2,10,9,9
64,Gabriel Pereira,Female,15,Urban,equal to 3,living together,higher education,secondary education,services,services,reputation,father,<15 min,2 to 5 hours,0,yes,no,no,yes,yes,yes,yes,yes,Good,High,High,Low,High,Low,0,10,10,10
65,Gabriel Pereira,Female,16,Urban,equal to 3,living together,higher education,secondary education,teacher,services,course,mother,30 min. to 1 hour,2 to 5 hours,0,no,yes,no,yes,yes,yes,yes,no,Excellent,High,Medium,Very Low,Low,Very Low,2,16,15,15
66,Gabriel Pereira,Male,15,Urban,greater than 3,Apart,higher education,higher education,other,services,reputation,mother,<15 min,  >10 hours,0,no,yes,no,yes,no,yes,yes,yes,Very bad,Medium,Medium,Very High,Very High,Medium,4,13,13,12
67,Gabriel Pereira,Female,16,Urban,greater than 3,living together,secondary education,primary education (4th grade),services,other,course,mother,<15 min,  >10 hours,0,yes,yes,yes,no,yes,yes,yes,no,Good,Medium,Medium,Very Low,Low,Very High,4,7,7,6
68,Gabriel Pereira,Female,15,Rural,equal to 3,living together,5th to 9th grade,5th to 9th grade,health,services,reputation,mother,15 to 30 min.,2 to 5 hours,0,yes,yes,yes,no,yes,yes,yes,no,Good,Very Low,Medium,Very Low,Medium,High,2,8,9,8
69,Gabriel Pereira,Female,15,Rural,equal to 3,living together,secondary education,primary education (4th grade),other,other,reputation,father,15 to 30 min.,  >10 hours,0,no,yes,no,no,no,yes,yes,no,Good,High,Low,Low,Medium,Medium,12,16,16,16
70,Gabriel Pereira,Male,16,Urban,greater than 3,living together,secondary education,primary education (4th grade),other,other,reputation,father,15 to 30 min.,  >10 hours,0,no,yes,yes,no,yes,yes,yes,no,Good,Medium,Low,Very Low,Very Low,Very High,0,13,15,15
71,Gabriel Pereira,Male,15,Urban,greater than 3,living together,higher education,5th to 9th grade,other,other,course,mother,<15 min,  >10 hours,0,no,no,no,no,yes,yes,yes,no,Average,Medium,Medium,Very Low,Very Low,Medium,0,10,10,10
72,Gabriel Pereira,Female,15,Rural,greater than 3,living together,primary education (4th grade),primary education (4th grade),other,other,reputation,mother,<15 min,2 to 5 hours,2,yes,yes,no,no,no,yes,yes,yes,Average,Medium,High,Low,High,Very High,2,8,6,5
73,Gabriel Pereira,Male,16,Urban,greater than 3,living together,secondary education,primary education (4th grade),other,other,reputation,mother,<15 min,<2 hours,0,no,no,no,yes,yes,yes,no,no,Excellent,Medium,Low,Low,Low,Very High,2,12,12,14
74,Gabriel Pereira,Female,16,Urban,greater than 3,living together,secondary education,secondary education,other,services,home,mother,<15 min,2 to 5 hours,0,yes,yes,yes,yes,yes,yes,yes,no,Good,Medium,Medium,Low,High,Very High,54,11,12,11
75,Gabriel Pereira,Male,15,Urban,greater than 3,living together,higher education,secondary education,teacher,other,home,mother,<15 min,2 to 5 hours,0,no,yes,yes,yes,yes,yes,yes,no,Good,Medium,Medium,Low,Medium,Very High,6,9,9,10
76,Gabriel Pereira,Male,15,Urban,greater than 3,living together,higher education,none,teacher,other,course,mother,15 to 30 min.,  >10 hours,0,no,no,no,yes,yes,yes,yes,no,Average,High,Medium,Very Low,Very Low,Very Low,8,11,11,10
77,Gabriel Pereira,Female,16,Urban,greater than 3,living together,5th to 9th grade,5th to 9th grade,other,other,reputation,mother,<15 min,  >10 hours,0,no,no,yes,no,yes,yes,yes,yes,Excellent,Low,Medium,Very Low,Medium,Medium,0,11,11,11
78,Gabriel Pereira,Male,17,Urban,greater than 3,living together,5th to 9th grade,primary education (4th grade),other,other,home,mother,15 to 30 min.,<2 hours,3,yes,yes,no,yes,yes,no,yes,no,Good,Very High,Very Low,Very Low,Very Low,Medium,2,8,8,10
79,Gabriel Pereira,Female,16,Urban,greater than 3,living together,secondary education,higher education,at_home,other,course,mother,<15 min,2 to 5 hours,0,no,yes,no,no,yes,yes,yes,no,Bad,High,Medium,Very Low,Low,Medium,12,5,5,5
80,Gabriel Pereira,Male,15,Urban,greater than 3,living together,5th to 9th grade,secondary education,other,services,course,father,<15 min,<2 hours,0,yes,yes,yes,yes,no,yes,yes,yes,Average,Low,Low,Very Low,Medium,Medium,2,10,12,12
81,Gabriel Pereira,Male,15,Urban,greater than 3,living together,5th to 9th grade,secondary education,other,other,home,mother,<15 min,5 to 10 hours,0,yes,no,yes,no,no,yes,yes,no,Excellent,Medium,Low,Very Low,Low,Very High,4,11,10,11
82,Gabriel Pereira,Female,15,Urban,equal to 3,living together,secondary education,5th to 9th grade,services,other,reputation,mother,<15 min,2 to 5 hours,0,no,yes,yes,no,yes,yes,yes,no,Good,High,High,Very Low,Very Low,Very High,10,7,6,6
83,Gabriel Pereira,Male,15,Urban,equal to 3,living together,5th to 9th grade,5th to 9th grade,services,services,home,mother,15 to 30 min.,2 to 5 hours,0,no,no,yes,yes,yes,yes,yes,no,Excellent,Medium,Medium,Very Low,Medium,High,4,15,15,15
84,Gabriel Pereira,Female,15,Urban,greater than 3,living together,primary education (4th grade),primary education (4th grade),other,other,home,father,<15 min,2 to 5 hours,0,no,yes,no,yes,no,yes,yes,no,Good,Medium,Low,Low,Medium,High,2,9,10,10
85,Gabriel Pereira,Female,15,Urban,greater than 3,living together,higher education,higher education,services,services,reputation,father,15 to 30 min.,2 to 5 hours,2,no,no,yes,no,yes,yes,yes,yes,Good,High,High,Low,Medium,Very High,6,7,9,8
86,Gabriel Pereira,Female,16,Urban,equal to 3,living together,5th to 9th grade,5th to 9th grade,at_home,other,course,mother,<15 min,2 to 5 hours,0,no,yes,no,no,yes,yes,no,no,Good,Medium,High,Very Low,Low,Low,4,8,7,6
87,Gabriel Pereira,Female,15,Urban,greater than 3,living together,higher education,5th to 9th grade,other,other,reputation,mother,<15 min,5 to 10 hours,0,no,yes,no,yes,yes,yes,yes,no,Excellent,Medium,Medium,Very Low,Medium,Very Low,4,13,14,14
88,Gabriel Pereira,Male,16,Urban,greater than 3,living together,5th to 9th grade,5th to 9th grade,services,other,reputation,father,15 to 30 min.,2 to 5 hours,1,no,no,yes,yes,no,yes,yes,no,Good,High,Low,Very Low,Very Low,Medium,12,11,10,10
89,Gabriel Pereira,Male,16,Urban,equal to 3,Apart,higher education,higher education,teacher,health,reputation,mother,<15 min,2 to 5 hours,0,no,yes,no,no,yes,yes,no,no,Good,Very Low,Medium,Medium,Very High,Very High,18,8,6,7
90,Gabriel Pereira,Female,16,Urban,greater than 3,living together,secondary education,secondary education,other,other,home,mother,<15 min,5 to 10 hours,0,no,yes,yes,no,yes,yes,yes,yes,Good,Medium,Medium,Very Low,Medium,High,0,7,7,8
91,Gabriel Pereira,Female,15,Urban,greater than 3,living together,higher education,secondary education,services,other,reputation,mother,<15 min,<2 hours,0,no,no,yes,yes,yes,yes,yes,no,Good,Very High,Very High,Very Low,Medium,Very Low,4,16,17,18
92,Gabriel Pereira,Female,16,Urban,equal to 3,living together,secondary education,primary education (4th grade),other,other,home,father,<15 min,2 to 5 hours,0,yes,yes,no,no,yes,yes,no,no,Average,Medium,Medium,Low,Medium,Low,4,7,6,6
93,Gabriel Pereira,Female,16,Urban,greater than 3,living together,higher education,5th to 9th grade,teacher,services,home,mother,15 to 30 min.,2 to 5 hours,0,no,yes,yes,yes,yes,yes,yes,no,Excellent,Medium,Medium,Very Low,Very Low,Very Low,0,11,10,10
94,Gabriel Pereira,Male,15,Urban,equal to 3,living together,5th to 9th grade,5th to 9th grade,services,health,reputation,mother,<15 min,  >10 hours,0,no,yes,no,yes,yes,yes,yes,no,Good,Medium,High,Very Low,Very Low,High,6,11,13,14
95,Gabriel Pereira,Female,15,Rural,greater than 3,living together,primary education (4th grade),primary education (4th grade),at_home,other,home,mother,15 to 30 min.,  >10 hours,1,yes,yes,yes,yes,yes,yes,yes,no,Average,Very Low,Low,Very Low,Very Low,Very Low,2,7,10,10
96,Gabriel Pereira,Male,16,Rural,greater than 3,living together,higher education,secondary education,services,other,reputation,mother,15 to 30 min.,<2 hours,0,yes,yes,no,yes,no,yes,yes,no,Average,Medium,Medium,Very Low,Very Low,High,2,11,15,15
97,Gabriel Pereira,Female,16,Urban,greater than 3,living together,5th to 9th grade,primary education (4th grade),other,other,course,mother,<15 min,2 to 5 hours,0,no,yes,yes,no,yes,yes,no,yes,Good,Medium,Very High,Very Low,Very Low,Very High,2,8,9,10
98,Gabriel Pereira,Female,16,Urban,greater than 3,living together,higher education,higher education,other,other,reputation,mother,<15 min,<2 hours,0,no,no,no,yes,no,yes,yes,no,Excellent,Medium,High,Very Low,Low,Very Low,6,11,14,14
99,Gabriel Pereira,Female,16,Urban,greater than 3,living together,higher education,secondary education,other,at_home,course,mother,<15 min,5 to 10 hours,0,yes,yes,yes,no,yes,yes,yes,no,Excellent,Medium,Very High,Very Low,Very Low,Medium,0,7,9,8
100,Gabriel Pereira,Male,16,Urban,greater than 3,living together,higher education,higher education,services,services,other,mother,<15 min,<2 hours,0,yes,yes,yes,yes,yes,yes,yes,no,Good,Very High,Very High,Very High,Very High,High,14,7,7,5
101,Gabriel Pereira,Male,16,Urban,greater than 3,living together,higher education,higher education,services,teacher,other,father,<15 min,5 to 10 hours,0,no,yes,no,yes,yes,yes,yes,yes,Good,High,Medium,Very Low,Very Low,High,0,16,17,17
102,Gabriel Pereira,Male,15,Urban,greater than 3,living together,higher education,higher education,services,other,course,mother,<15 min,<2 hours,0,no,yes,no,yes,no,yes,yes,no,Excellent,Medium,Medium,Very Low,Very Low,Very High,4,10,13,14
103,Gabriel Pereira,Female,15,Urban,greater than 3,living together,secondary education,5th to 9th grade,services,other,home,mother,15 to 30 min.,2 to 5 hours,0,yes,yes,yes,no,yes,yes,yes,no,Good,Medium,Very High,Very Low,Very Low,Low,26,7,6,6
104,Gabriel Pereira,Male,15,Urban,greater than 3,Apart,secondary education,higher education,services,other,course,mother,<15 min,2 to 5 hours,0,no,yes,yes,yes,yes,yes,yes,no,Excellent,High,High,Very Low,Very Low,Very Low,0,16,18,18
105,Gabriel Pereira,Female,15,Urban,greater than 3,Apart,secondary education,secondary education,other,health,reputation,father,<15 min,  >10 hours,0,yes,no,no,no,yes,yes,no,no,Good,Medium,Medium,Very Low,Very Low,High,10,10,11,11
106,Gabriel Pereira,Female,15,Urban,greater than 3,living together,5th to 9th grade,5th to 9th grade,other,other,course,mother,<15 min,  >10 hours,0,yes,yes,yes,no,yes,yes,yes,no,Excellent,Very Low,Low,Very Low,Very Low,Medium,8,7,8,8
107,Gabriel Pereira,Male,16,Urban,greater than 3,living together,secondary education,secondary education,services,other,home,father,<15 min,5 to 10 hours,0,no,yes,no,yes,yes,yes,yes,no,Excellent,Medium,Medium,Very Low,Very Low,Very High,2,16,18,18
108,Gabriel Pereira,Male,15,Rural,greater than 3,living together,higher education,higher education,other,other,home,father, >1 hour,  >10 hours,0,no,yes,yes,yes,yes,yes,yes,yes,Very bad,Medium,Very High,Medium,Very High,Very Low,6,10,13,13
109,Gabriel Pereira,Female,16,Urban,equal to 3,living together,higher education,higher education,health,health,other,mother,<15 min,5 to 10 hours,0,no,yes,yes,yes,yes,yes,yes,yes,Excellent,High,Very High,Very Low,Very Low,High,4,14,15,16
110,Gabriel Pereira,Male,15,Urban,equal to 3,Apart,higher education,higher education,teacher,teacher,course,mother,<15 min,<2 hours,0,no,no,no,yes,yes,yes,yes,no,Excellent,Very High,Medium,Very Low,Very Low,High,6,18,19,19
111,Gabriel Pereira,Female,16,Rural,greater than 3,living together,secondary education,secondary education,services,other,reputation,father,<15 min,5 to 10 hours,1,yes,yes,no,yes,yes,yes,yes,no,Good,Very Low,Low,Very Low,Very Low,Low,0,7,10,10
112,Gabriel Pereira,Female,16,Urban,greater than 3,living together,5th to 9th grade,5th to 9th grade,at_home,other,home,mother,<15 min,2 to 5 hours,1,yes,no,no,yes,yes,yes,yes,no,Average,Very Low,Low,Very Low,Very Low,Very High,6,10,13,13
113,Gabriel Pereira,Male,15,Urban,equal to 3,living together,higher education,5th to 9th grade,teacher,other,course,mother,<15 min,<2 hours,0,no,no,no,no,yes,yes,yes,no,Average,Very High,Low,Very Low,Very Low,Medium,10,18,19,19
114,Gabriel Pereira,Male,15,Rural,greater than 3,living together,5th to 9th grade,primary education (4th grade),health,services,reputation,mother,<15 min,2 to 5 hours,0,no,no,no,yes,yes,yes,yes,yes,Excellent,High,Low,Very Low,Very Low,Very High,8,9,9,9
115,Gabriel Pereira,Male,16,Urban,greater than 3,living together,higher education,higher education,teacher,teacher,course,father,<15 min,2 to 5 hours,0,no,yes,no,yes,yes,yes,yes,no,Excellent,High,High,Very Low,Low,Very High,2,15,15,16
116,Gabriel Pereira,Male,15,Urban,greater than 3,living together,higher education,higher education,other,teacher,reputation,father,15 to 30 min.,2 to 5 hours,0,no,yes,no,yes,yes,yes,no,no,Good,High,Medium,Very Low,Very Low,Low,2,11,13,14
117,Gabriel Pereira,Male,16,Urban,greater than 3,living together,secondary education,secondary education,other,services,home,father,15 to 30 min.,<2 hours,0,no,no,no,yes,yes,yes,yes,no,Excellent,High,Low,Very Low,Very Low,Very High,0,13,14,13
118,Gabriel Pereira,Male,17,Rural,greater than 3,living together,primary education (4th grade),secondary education,other,other,course,father,30 min. to 1 hour,2 to 5 hours,1,no,yes,no,yes,yes,yes,yes,no,Excellent,Low,High,Very Low,High,Very High,20,9,7,8
119,Gabriel Pereira,Male,15,Urban,greater than 3,living together,secondary education,higher education,other,other,reputation,father,<15 min,<2 hours,0,no,no,no,no,yes,yes,yes,no,Average,High,Medium,Very Low,Low,High,6,14,13,13
120,Gabriel Pereira,Female,15,Urban,greater than 3,living together,primary education (4th grade),5th to 9th grade,at_home,services,course,mother,<15 min,2 to 5 hours,0,no,no,no,no,no,yes,yes,no,Average,Low,Medium,Very Low,Low,Very Low,2,16,15,15
121,Gabriel Pereira,Male,15,Urban,greater than 3,living together,5th to 9th grade,5th to 9th grade,services,services,home,father,<15 min,  >10 hours,0,no,yes,yes,yes,yes,yes,yes,no,Excellent,Very High,High,Very Low,Low,Very High,6,16,14,15
122,Gabriel Pereira,Female,16,Urban,equal to 3,living together,5th to 9th grade,higher education,other,health,course,father,15 to 30 min.,2 to 5 hours,0,no,yes,yes,yes,yes,yes,yes,yes,Good,Low,Low,Very Low,Low,Very High,2,13,13,13
123,Gabriel Pereira,Male,16,Urban,greater than 3,living together,higher education,higher education,health,other,course,mother,<15 min,<2 hours,0,no,yes,no,yes,yes,yes,yes,no,Average,High,High,Very Low,High,Very High,18,14,11,13
124,Gabriel Pereira,Female,16,Urban,greater than 3,living together,5th to 9th grade,5th to 9th grade,other,other,home,mother,<15 min,2 to 5 hours,0,no,no,yes,no,yes,yes,yes,yes,Excellent,High,High,Very Low,Very Low,Very High,0,8,7,8
125,Gabriel Pereira,Male,15,Urban,greater than 3,living together,secondary education,higher education,services,services,home,father,<15 min,<2 hours,0,yes,no,no,no,yes,yes,yes,no,Excellent,Very High,Very High,Medium,Low,Very High,0,13,13,12
126,Gabriel Pereira,Female,15,Urban,equal to 3,Apart,secondary education,higher education,other,other,home,mother,<15 min,2 to 5 hours,0,yes,no,no,yes,yes,yes,yes,yes,Excellent,Medium,Low,Very Low,Very Low,Very Low,0,7,10,11
127,Gabriel Pereira,Female,19,Urban,greater than 3,living together,none,primary education (4th grade),at_home,other,course,other,<15 min,2 to 5 hours,3,no,yes,no,no,no,no,no,no,Average,High,Low,Very Low,Very Low,Very High,2,7,8,9
128,Gabriel Pereira,Male,18,Rural,greater than 3,living together,5th to 9th grade,5th to 9th grade,services,other,reputation,mother,<15 min,<2 hours,2,no,yes,no,yes,yes,yes,yes,no,Average,Medium,Medium,Very Low,Low,High,0,7,4,0
129,Gabriel Pereira,Male,16,Rural,greater than 3,living together,higher education,higher education,teacher,teacher,course,mother,<15 min,<2 hours,0,no,no,yes,yes,yes,yes,yes,no,Average,Very High,Very High,Low,Very High,High,8,18,18,18
130,Gabriel Pereira,Female,15,Rural,greater than 3,living together,secondary education,higher education,services,teacher,course,father,15 to 30 min.,5 to 10 hours,2,no,yes,no,no,yes,yes,yes,yes,Good,Low,Low,Low,Low,Very High,0,12,0,0
131,Gabriel Pereira,Female,15,Urban,greater than 3,living together,primary education (4th grade),primary education (4th grade),at_home,other,course,mother,30 min. to 1 hour,<2 hours,0,no,yes,no,yes,no,yes,yes,yes,Good,Medium,Medium,Very Low,Low,High,0,8,0,0
132,Gabriel Pereira,Female,17,Urban,equal to 3,living together,5th to 9th grade,5th to 9th grade,other,other,course,father,<15 min,<2 hours,0,no,yes,no,no,yes,yes,yes,yes,Average,High,High,Very Low,Medium,Very High,12,10,13,12
133,Gabriel Pereira,Female,16,Urban,greater than 3,Apart,secondary education,higher education,services,other,course,father,<15 min,<2 hours,0,no,no,no,no,yes,yes,yes,no,Average,Low,Very Low,Very Low,High,Very High,16,12,11,11
134,Gabriel Pereira,Male,15,Rural,greater than 3,living together,secondary education,higher education,at_home,teacher,course,mother, >1 hour,2 to 5 hours,0,no,yes,no,no,yes,yes,no,yes,Excellent,Medium,Medium,Very Low,Very Low,Very High,0,9,0,0
135,Gabriel Pereira,Female,15,Urban,greater than 3,living together,higher education,higher education,services,at_home,course,mother,<15 min,5 to 10 hours,0,no,yes,no,yes,yes,yes,yes,yes,Good,Medium,Medium,Very Low,Very Low,Very High,0,11,0,0
136,Gabriel Pereira,Male,17,Rural,greater than 3,living together,secondary education,higher education,at_home,other,course,mother,30 min. to 1 hour,2 to 5 hours,0,no,no,no,no,yes,yes,no,no,Excellent,High,Very High,Low,High,Very High,0,10,0,0
137,Gabriel Pereira,Female,16,Urban,greater than 3,Apart,secondary education,secondary education,other,other,course,other,15 to 30 min.,<2 hours,2,no,yes,no,yes,no,yes,yes,yes,Good,Medium,Low,Very Low,Very Low,Very High,0,4,0,0
138,Gabriel Pereira,Male,16,Urban,equal to 3,living together,primary education (4th grade),primary education (4th grade),services,other,course,mother,<15 min,2 to 5 hours,1,no,no,no,no,yes,yes,no,yes,Good,High,High,Very Low,Medium,Very High,0,14,12,12
139,Gabriel Pereira,Female,15,Urban,greater than 3,living together,higher education,higher education,teacher,teacher,course,mother,15 to 30 min.,<2 hours,0,no,no,no,yes,yes,yes,yes,no,Good,Medium,Low,Very Low,Very Low,Very High,0,16,16,15
140,Gabriel Pereira,Male,15,Urban,greater than 3,living together,higher education,secondary education,teacher,services,course,father,15 to 30 min.,  >10 hours,0,yes,yes,no,no,yes,yes,yes,no,Bad,Low,Low,Very Low,Very Low,Medium,0,7,9,0
141,Gabriel Pereira,Male,16,Urban,equal to 3,living together,5th to 9th grade,5th to 9th grade,services,services,reputation,father,15 to 30 min.,<2 hours,2,no,yes,no,yes,yes,yes,yes,no,Bad,Medium,Medium,Low,Low,Low,8,9,9,9
142,Gabriel Pereira,Female,15,Urban,greater than 3,living together,higher education,higher education,teacher,services,course,mother,<15 min,5 to 10 hours,0,no,yes,yes,yes,yes,yes,yes,no,Good,Low,Low,Very Low,Very Low,Very High,2,9,11,11
143,Gabriel Pereira,Female,16,Urban,equal to 3,living together,primary education (4th grade),primary education (4th grade),at_home,at_home,course,mother,<15 min,<2 hours,0,no,no,no,no,yes,yes,yes,no,Average,High,High,Medium,Medium,Very Low,2,14,14,13
144,Gabriel Pereira,Male,17,Urban,greater than 3,living together,5th to 9th grade,primary education (4th grade),other,other,home,mother,<15 min,<2 hours,3,no,yes,no,no,yes,yes,yes,no,Excellent,High,Very High,Very Low,Low,Very High,0,5,0,0
145,Gabriel Pereira,Female,15,Urban,greater than 3,living together,primary education (4th grade),primary education (4th grade),other,services,course,father,<15 min,2 to 5 hours,0,no,yes,yes,no,yes,yes,yes,no,Good,High,Low,Very Low,Low,Very High,0,8,11,11
146,Gabriel Pereira,Female,15,Urban,greater than 3,living together,secondary education,5th to 9th grade,health,services,home,father,<15 min,2 to 5 hours,3,no,yes,no,no,yes,yes,yes,no,Average,Medium,Low,Very Low,Very Low,Medium,0,6,7,0
147,Gabriel Pereira,Female,15,Urban,greater than 3,living together,primary education (4th grade),5th to 9th grade,at_home,other,course,mother,<15 min,2 to 5 hours,0,no,yes,yes,no,no,yes,yes,no,Good,Medium,Low,Very Low,Very Low,Very High,2,10,11,11
148,Gabriel Pereira,Male,16,Urban,greater than 3,living together,higher education,higher education,teacher,teacher,course,mother,<15 min,<2 hours,0,no,yes,no,no,yes,no,yes,yes,Average,Medium,Low,Low,Very Low,Very High,0,7,6,0
149,Gabriel Pereira,Male,15,Urban,equal to 3,Apart,5th to 9th grade,primary education (4th grade),services,other,course,mother, >1 hour,<2 hours,3,no,no,no,no,yes,yes,yes,no,Good,Very High,Very High,Low,Very High,Very High,0,8,9,10
150,Gabriel Pereira,Male,18,Urban,equal to 3,living together,primary education (4th grade),primary education (4th grade),other,other,course,mother,<15 min,<2 hours,3,no,no,no,no,yes,no,yes,yes,Bad,Medium,Very High,Low,Very High,High,0,6,5,0
151,Gabriel Pereira,Male,16,Urban,equal to 3,living together,5th to 9th grade,primary education (4th grade),at_home,other,course,mother,<15 min,<2 hours,1,no,no,no,yes,yes,yes,no,yes,Good,High,High,Medium,Very High,Very High,6,12,13,14
152,Gabriel Pereira,Female,15,Rural,greater than 3,living together,secondary education,secondary education,services,services,reputation,other,15 to 30 min.,5 to 10 hours,2,no,yes,yes,yes,yes,yes,yes,yes,Good,Low,Very Low,Low,Medium,Medium,8,10,10,10
153,Gabriel Pereira,Male,19,Urban,greater than 3,living together,secondary education,5th to 9th grade,services,at_home,home,mother,<15 min,<2 hours,3,no,yes,no,no,yes,no,yes,yes,Good,Very High,High,Very Low,Very Low,High,0,5,0,0
154,Gabriel Pereira,Female,17,Urban,greater than 3,living together,higher education,higher education,other,teacher,course,mother,<15 min,<2 hours,0,yes,yes,no,no,yes,yes,no,yes,Good,Low,Very Low,Very Low,Very Low,High,0,11,11,12
155,Gabriel Pereira,Male,15,Rural,greater than 3,living together,5th to 9th grade,secondary education,at_home,services,course,mother,<15 min,2 to 5 hours,0,yes,no,yes,yes,yes,yes,no,no,Good,High,High,Very Low,Very Low,Very Low,2,11,8,8
156,Gabriel Pereira,Male,17,Rural,equal to 3,living together,primary education (4th grade),5th to 9th grade,other,other,reputation,mother,<15 min,<2 hours,0,no,no,no,no,yes,yes,no,no,Bad,Low,Low,Medium,Medium,Very High,8,16,12,13
157,Gabriel Pereira,Female,18,Rural,greater than 3,living together,primary education (4th grade),primary education (4th grade),at_home,other,course,mother,30 min. to 1 hour,<2 hours,3,no,yes,no,yes,no,yes,no,no,Excellent,Low,Very High,Very Low,Very High,High,6,9,8,10
158,Gabriel Pereira,Male,16,Rural,greater than 3,living together,5th to 9th grade,5th to 9th grade,at_home,other,course,mother,30 min. to 1 hour,<2 hours,0,no,no,no,no,no,yes,no,no,Good,Low,Low,Very Low,Low,Medium,2,17,15,15
159,Gabriel Pereira,Male,16,Urban,greater than 3,living together,secondary education,secondary education,other,services,course,father,<15 min,2 to 5 hours,1,no,yes,yes,no,yes,yes,yes,yes,Good,Very High,Very High,High,High,Very High,4,10,12,12
160,Gabriel Pereira,Male,17,Rural,equal to 3,living together,5th to 9th grade,primary education (4th grade),at_home,other,course,mother,15 to 30 min.,<2 hours,2,no,no,no,yes,yes,no,yes,yes,Average,Medium,Low,Low,Low,Very High,0,7,6,0
161,Gabriel Pereira,Male,15,Rural,greater than 3,living together,secondary education,5th to 9th grade,other,other,course,mother,15 to 30 min.,2 to 5 hours,2,yes,yes,no,no,yes,yes,yes,yes,Good,High,High,Very Low,High,Medium,6,5,9,7
162,Gabriel Pereira,Male,16,Urban,equal to 3,living together,primary education (4th grade),5th to 9th grade,other,other,course,mother,15 to 30 min.,<2 hours,1,no,no,no,yes,yes,yes,no,no,Good,High,High,Low,High,Very High,0,7,0,0
163,Gabriel Pereira,Male,17,Urban,greater than 3,living together,primary education (4th grade),secondary education,at_home,services,course,father,<15 min,<2 hours,0,no,no,no,no,yes,no,yes,no,Excellent,Medium,Medium,Very Low,High,Low,2,10,10,10
164,Gabriel Pereira,Male,17,Rural,equal to 3,living together,primary education (4th grade),primary education (4th grade),other,services,course,mother, >1 hour,2 to 5 hours,3,no,no,no,yes,yes,no,no,yes,Excellent,Medium,Very High,Very Low,Very High,Very High,0,5,8,7
165,Gabriel Pereira,Male,16,Urban,greater than 3,living together,secondary education,5th to 9th grade,services,services,course,mother,15 to 30 min.,<2 hours,1,no,yes,no,yes,no,no,no,no,Good,Very High,Low,Very Low,Very Low,Low,16,12,11,12
166,Gabriel Pereira,Male,16,Urban,greater than 3,living together,5th to 9th grade,5th to 9th grade,other,other,course,father,<15 min,2 to 5 hours,0,no,no,no,no,yes,no,yes,no,Good,Medium,Very High,Low,High,High,4,10,10,10
167,Gabriel Pereira,Female,16,Urban,greater than 3,living together,higher education,5th to 9th grade,health,services,home,father,<15 min,2 to 5 hours,0,no,no,yes,no,yes,yes,yes,yes,Good,Low,Medium,Very Low,Very Low,Medium,0,14,15,16
168,Gabriel Pereira,Female,16,Urban,greater than 3,living together,5th to 9th grade,5th to 9th grade,other,other,home,mother,<15 min,2 to 5 hours,0,no,yes,yes,no,no,yes,yes,no,Excellent,Very Low,Very High,Very Low,Very Low,High,0,6,7,0
169,Gabriel Pereira,Female,16,Urban,greater than 3,living together,higher education,higher education,health,health,reputation,mother,<15 min,2 to 5 hours,0,no,yes,yes,no,yes,yes,yes,yes,Good,High,Low,Very Low,Very Low,Medium,0,14,14,14
170,Gabriel Pereira,Male,16,Urban,greater than 3,living together,secondary education,higher education,other,other,course,father,30 min. to 1 hour,<2 hours,2,no,yes,no,yes,no,yes,yes,no,Average,High,Very High,Low,High,Low,0,6,5,0
171,Gabriel Pereira,Male,16,Urban,greater than 3,living together,primary education (4th grade),none,other,other,reputation,mother,15 to 30 min.,2 to 5 hours,0,no,yes,yes,yes,yes,yes,yes,yes,Good,Medium,Low,Very Low,Very Low,Medium,2,13,15,16
172,Gabriel Pereira,Male,17,Urban,equal to 3,living together,higher education,higher education,teacher,other,reputation,mother,<15 min,2 to 5 hours,0,no,yes,yes,yes,yes,yes,yes,no,Good,High,High,Very Low,Medium,Very High,0,13,11,10
173,Gabriel Pereira,Female,16,Urban,greater than 3,living together,primary education (4th grade),secondary education,at_home,services,home,mother,<15 min,2 to 5 hours,3,no,no,no,yes,no,yes,yes,yes,Good,Medium,Very High,Very Low,Very Low,Medium,0,8,7,0
174,Gabriel Pereira,Female,16,Urban,equal to 3,living together,secondary education,secondary education,other,other,reputation,mother,15 to 30 min.,2 to 5 hours,0,no,yes,yes,yes,yes,yes,yes,no,Good,High,Very High,Very Low,Very Low,High,4,10,11,9
175,Gabriel Pereira,Male,17,Urban,equal to 3,living together,higher education,secondary education,teacher,other,course,mother,15 to 30 min.,2 to 5 hours,0,no,no,yes,yes,yes,yes,yes,no,Good,High,High,High,High,High,4,10,9,9
176,Gabriel Pereira,Female,16,Urban,greater than 3,living together,5th to 9th grade,5th to 9th grade,services,other,reputation,mother,15 to 30 min.,2 to 5 hours,0,no,no,yes,yes,no,yes,yes,no,Average,High,High,Very Low,High,Very High,2,13,13,11
177,Gabriel Pereira,Male,17,Urban,greater than 3,living together,secondary education,secondary education,other,other,reputation,father,<15 min,2 to 5 hours,0,no,no,no,yes,no,yes,yes,no,Good,Medium,High,Very Low,High,High,4,6,5,6
178,Gabriel Pereira,Male,16,Rural,greater than 3,living together,higher education,5th to 9th grade,teacher,services,other,mother,<15 min,<2 hours,0,no,yes,no,yes,yes,yes,yes,yes,Good,Medium,Medium,Medium,High,Medium,10,10,8,9
179,Gabriel Pereira,Male,17,Urban,greater than 3,living together,higher education,secondary education,other,other,course,mother,<15 min,2 to 5 hours,0,no,yes,no,yes,yes,yes,yes,yes,Excellent,Low,Medium,Very Low,Very Low,Low,4,10,10,11
180,Gabriel Pereira,Male,16,Urban,greater than 3,living together,higher education,secondary education,teacher,other,home,mother,<15 min,2 to 5 hours,0,no,yes,yes,yes,yes,yes,yes,no,Average,High,Medium,Low,Medium,Medium,10,9,8,8
181,Gabriel Pereira,Male,16,Urban,greater than 3,living together,secondary education,secondary education,services,other,home,mother,<15 min,2 to 5 hours,0,no,no,yes,yes,yes,yes,yes,yes,Good,Low,Medium,Very Low,Low,Medium,2,12,13,12
182,Gabriel Pereira,Female,17,Urban,greater than 3,living together,5th to 9th grade,higher education,services,services,reputation,father,<15 min,2 to 5 hours,0,no,yes,no,yes,yes,yes,no,no,Excellent,High,Low,Low,Medium,Very High,0,16,17,17
183,Gabriel Pereira,Female,17,Urban,equal to 3,living together,secondary education,secondary education,other,other,reputation,mother,<15 min,2 to 5 hours,0,no,yes,no,yes,yes,yes,yes,yes,Excellent,Medium,Medium,Low,Medium,Very Low,56,9,9,8
184,Gabriel Pereira,Female,16,Urban,greater than 3,living together,secondary education,5th to 9th grade,other,other,reputation,mother,<15 min,2 to 5 hours,0,no,yes,yes,no,yes,yes,yes,no,Very bad,Low,Low,Very Low,Low,Very Low,14,12,13,12
185,Gabriel Pereira,Male,17,Urban,greater than 3,living together,secondary education,secondary education,services,services,other,mother,<15 min,2 to 5 hours,0,no,yes,no,yes,yes,yes,yes,yes,Good,Medium,High,Low,Medium,High,12,12,12,11
186,Gabriel Pereira,Male,16,Urban,greater than 3,living together,primary education (4th grade),5th to 9th grade,services,services,other,mother,<15 min,<2 hours,0,no,yes,yes,yes,yes,yes,yes,yes,Average,Medium,Medium,Very Low,Low,Medium,2,11,12,11
187,Gabriel Pereira,Male,16,Urban,equal to 3,living together,5th to 9th grade,primary education (4th grade),other,other,course,mother,<15 min,2 to 5 hours,0,no,no,yes,yes,yes,yes,yes,yes,Good,Low,Medium,Very Low,Low,Very High,0,15,15,15
188,Gabriel Pereira,Female,17,Urban,greater than 3,Apart,secondary education,secondary education,health,other,reputation,mother,<15 min,2 to 5 hours,0,no,yes,no,no,no,yes,yes,yes,Average,Medium,Medium,Very Low,Medium,Medium,6,8,7,9
189,Gabriel Pereira,Male,17,Rural,greater than 3,living together,primary education (4th grade),5th to 9th grade,at_home,other,home,mother,<15 min,2 to 5 hours,0,no,no,no,no,yes,yes,no,no,Average,Very Low,Medium,Very Low,Very High,Medium,4,8,9,10
190,Gabriel Pereira,Female,16,Urban,greater than 3,living together,5th to 9th grade,secondary education,services,services,course,mother,<15 min,2 to 5 hours,0,no,no,no,no,yes,yes,yes,no,Good,Medium,Medium,Very Low,Very Low,Low,10,11,12,13
191,Gabriel Pereira,Female,17,Urban,greater than 3,living together,primary education (4th grade),primary education (4th grade),at_home,services,course,mother,<15 min,2 to 5 hours,0,no,no,no,yes,yes,yes,yes,no,Excellent,Medium,Medium,Very Low,Very Low,Medium,0,8,8,9
192,Gabriel Pereira,Male,17,Urban,greater than 3,living together,primary education (4th grade),5th to 9th grade,at_home,services,other,other,15 to 30 min.,2 to 5 hours,0,no,no,yes,yes,no,yes,yes,no,Good,High,High,High,Very High,Very High,12,7,8,8
193,Gabriel Pereira,Male,16,Rural,greater than 3,living together,secondary education,secondary education,services,services,reputation,mother,<15 min,<2 hours,0,no,yes,no,yes,yes,yes,yes,no,Good,Medium,Low,Medium,High,Very High,8,8,9,10
194,Gabriel Pereira,Male,16,Urban,greater than 3,living together,5th to 9th grade,secondary education,other,other,home,father,15 to 30 min.,<2 hours,0,no,no,no,no,yes,yes,yes,no,Excellent,Medium,Medium,Very Low,Very Low,Medium,0,13,14,14
195,Gabriel Pereira,Female,17,Urban,equal to 3,living together,5th to 9th grade,higher education,services,services,course,father,<15 min,2 to 5 hours,0,no,no,no,yes,yes,yes,yes,yes,Good,Medium,Low,Very Low,Very Low,Very High,0,14,15,15
196,Gabriel Pereira,Male,17,Urban,greater than 3,living together,higher education,higher education,services,teacher,home,mother,<15 min,<2 hours,0,no,no,no,no,yes,yes,yes,no,Excellent,Low,Medium,Very Low,Low,Very High,4,17,15,16
197,Gabriel Pereira,Male,16,Rural,equal to 3,living together,secondary education,secondary education,teacher,other,home,father,30 min. to 1 hour,<2 hours,0,no,yes,yes,yes,yes,yes,yes,no,Average,Medium,High,Medium,Very High,Medium,8,9,9,10
198,Gabriel Pereira,Female,17,Urban,greater than 3,living together,higher education,higher education,services,teacher,home,mother,15 to 30 min.,<2 hours,1,no,yes,no,no,yes,yes,yes,no,Good,Low,High,Low,Medium,Low,24,18,18,18
199,Gabriel Pereira,Female,16,Urban,equal to 3,living together,higher education,higher education,teacher,teacher,reputation,mother,<15 min,2 to 5 hours,0,no,yes,yes,no,yes,yes,yes,no,Good,Very High,Low,Very Low,Low,Medium,0,9,9,10
200,Gabriel Pereira,Female,16,Urban,greater than 3,living together,higher education,secondary education,health,other,home,mother,<15 min,2 to 5 hours,0,no,yes,no,yes,yes,yes,yes,no,Good,Medium,Very High,Very Low,Very High,Low,2,16,16,16
201,Gabriel Pereira,Female,16,Urban,greater than 3,living together,5th to 9th grade,secondary education,other,other,reputation,mother,<15 min,2 to 5 hours,0,yes,yes,yes,yes,yes,yes,no,no,Good,High,Medium,Very Low,Medium,High,6,8,10,10
202,Gabriel Pereira,Female,17,Urban,greater than 3,living together,primary education (4th grade),primary education (4th grade),other,other,course,mother,<15 min,2 to 5 hours,0,no,yes,yes,no,no,yes,no,no,Good,High,High,Very Low,Medium,Very Low,4,9,9,10
203,Gabriel Pereira,Female,17,Rural,greater than 3,living together,5th to 9th grade,5th to 9th grade,other,other,reputation,mother,<15 min,<2 hours,0,no,yes,no,no,yes,yes,yes,no,Excellent,Medium,Low,Very Low,Low,Medium,18,7,6,6
204,Gabriel Pereira,Female,16,Rural,greater than 3,living together,5th to 9th grade,5th to 9th grade,services,services,reputation,mother,15 to 30 min.,  >10 hours,0,no,yes,yes,yes,no,yes,yes,no,Excellent,Medium,Very High,Very Low,Very Low,Very High,6,10,10,11
205,Gabriel Pereira,Female,17,Urban,greater than 3,living together,secondary education,higher education,at_home,services,home,mother,<15 min,5 to 10 hours,1,no,yes,yes,no,yes,yes,yes,yes,Good,High,Medium,Medium,High,Very High,28,10,9,9
206,Gabriel Pereira,Female,16,Urban,greater than 3,Apart,secondary education,primary education (4th grade),services,other,course,mother,<15 min,2 to 5 hours,3,no,yes,yes,no,yes,yes,yes,no,Bad,Medium,Medium,Low,Low,High,5,7,7,7
207,Gabriel Pereira,Female,16,Urban,greater than 3,living together,higher education,secondary education,teacher,other,other,mother,<15 min,2 to 5 hours,0,no,no,yes,yes,yes,yes,yes,yes,Very bad,Medium,Low,Very Low,Very Low,Very Low,10,11,12,13
208,Gabriel Pereira,Female,16,Urban,greater than 3,living together,primary education (4th grade),primary education (4th grade),at_home,other,home,mother,15 to 30 min.,<2 hours,0,no,yes,yes,no,yes,yes,no,no,Good,Medium,Low,Very Low,High,Very High,6,9,9,10
209,Gabriel Pereira,Female,17,Rural,greater than 3,living together,higher education,secondary education,teacher,other,reputation,mother,15 to 30 min.,5 to 10 hours,0,no,yes,yes,yes,yes,yes,yes,yes,Good,High,Low,Very Low,Very Low,High,6,7,7,7
210,Gabriel Pereira,Female,19,Urban,greater than 3,living together,secondary education,secondary education,other,other,reputation,other,<15 min,  >10 hours,0,no,yes,yes,yes,yes,yes,yes,no,Good,Medium,Medium,Very Low,Low,Medium,10,8,8,8
211,Gabriel Pereira,Male,17,Urban,equal to 3,living together,higher education,higher education,services,other,home,mother,<15 min,2 to 5 hours,0,no,yes,yes,no,yes,yes,yes,yes,Excellent,Medium,Very High,High,Very High,Medium,13,12,12,13
212,Gabriel Pereira,Female,16,Urban,greater than 3,Apart,5th to 9th grade,5th to 9th grade,other,other,reputation,mother,<15 min,2 to 5 hours,0,yes,yes,yes,no,yes,yes,yes,no,Average,Medium,High,Very Low,Very Low,High,0,12,13,14
213,Gabriel Pereira,Male,18,Urban,greater than 3,living together,5th to 9th grade,5th to 9th grade,services,other,home,mother,<15 min,2 to 5 hours,1,no,yes,yes,yes,yes,yes,yes,no,Good,High,High,Low,High,Very High,15,6,7,8
214,Gabriel Pereira,Female,17,Rural,equal to 3,living together,higher education,higher education,services,other,other,mother,<15 min,<2 hours,0,no,yes,yes,no,yes,yes,no,no,Excellent,Low,Very Low,Very Low,Low,Medium,12,8,10,10
215,Gabriel Pereira,Female,17,Urban,equal to 3,living together,secondary education,5th to 9th grade,other,other,reputation,mother,15 to 30 min.,2 to 5 hours,0,no,no,yes,no,yes,yes,yes,no,Good,High,High,Very Low,Medium,Very Low,2,14,15,15
216,Gabriel Pereira,Female,17,Urban,greater than 3,living together,higher education,secondary education,other,other,reputation,mother,<15 min,2 to 5 hours,2,no,no,yes,no,yes,yes,yes,yes,Average,High,Very High,Low,High,Very Low,22,6,6,4
217,Gabriel Pereira,Male,18,Urban,equal to 3,living together,secondary education,secondary education,services,health,home,father,<15 min,2 to 5 hours,1,no,yes,yes,no,yes,yes,yes,no,Average,Low,High,Low,High,High,13,6,6,8
218,Gabriel Pereira,Female,17,Urban,greater than 3,living together,5th to 9th grade,secondary education,at_home,other,home,father,15 to 30 min.,<2 hours,0,no,yes,yes,no,yes,yes,no,no,Average,Medium,Medium,Very Low,High,Medium,3,7,7,8
219,Gabriel Pereira,Female,17,Urban,greater than 3,living together,5th to 9th grade,5th to 9th grade,at_home,at_home,course,mother,<15 min,5 to 10 hours,0,no,yes,yes,yes,yes,yes,yes,no,Good,Medium,Medium,Very Low,Very Low,High,4,9,10,10
220,Gabriel Pereira,Female,17,Rural,greater than 3,living together,5th to 9th grade,primary education (4th grade),at_home,services,reputation,mother,15 to 30 min.,2 to 5 hours,0,no,yes,no,yes,yes,yes,yes,no,Good,Low,Very High,Very Low,Low,Very High,2,6,6,6
221,Gabriel Pereira,Female,17,Urban,greater than 3,living together,primary education (4th grade),primary education (4th grade),at_home,other,reputation,mother,<15 min,5 to 10 hours,1,no,yes,no,yes,yes,yes,no,yes,Good,Medium,High,Very Low,Very Low,Very High,0,6,5,0
222,Gabriel Pereira,Female,16,Urban,greater than 3,living together,5th to 9th grade,secondary education,services,teacher,other,mother,<15 min,2 to 5 hours,0,yes,no,no,no,yes,yes,yes,no,Bad,Medium,Very Low,Very Low,Very Low,Medium,2,16,16,17
223,Gabriel Pereira,Male,18,Urban,greater than 3,living together,5th to 9th grade,5th to 9th grade,other,other,home,mother,15 to 30 min.,2 to 5 hours,0,no,yes,yes,no,yes,yes,yes,no,Average,Medium,Medium,Very High,Very High,High,0,12,13,13
224,Gabriel Pereira,Female,16,Urban,greater than 3,living together,higher education,higher education,teacher,services,home,mother,<15 min,5 to 10 hours,0,no,yes,no,yes,no,yes,yes,no,Excellent,Medium,Low,Very Low,Very Low,Very High,0,13,13,14
225,Gabriel Pereira,Female,18,Rural,greater than 3,living together,secondary education,primary education (4th grade),other,other,reputation,mother,<15 min,2 to 5 hours,1,no,no,no,yes,yes,yes,yes,yes,Excellent,Medium,Medium,Very Low,Very Low,High,16,9,8,7
226,Gabriel Pereira,Female,17,Urban,greater than 3,living together,secondary education,5th to 9th grade,other,other,course,mother,<15 min,2 to 5 hours,0,no,no,no,yes,no,yes,yes,no,Excellent,Medium,High,Very Low,Medium,Medium,10,16,15,15
227,Gabriel Pereira,Male,17,Urban,equal to 3,living together,5th to 9th grade,secondary education,services,services,reputation,father,<15 min,2 to 5 hours,0,no,yes,yes,no,no,yes,yes,no,Excellent,Medium,Medium,Very Low,Medium,Medium,2,12,11,12
228,Gabriel Pereira,Male,18,Urban,equal to 3,living together,5th to 9th grade,primary education (4th grade),at_home,other,course,mother, >1 hour,2 to 5 hours,0,yes,yes,yes,yes,yes,yes,yes,yes,Good,Medium,Low,High,Very High,Medium,14,10,8,9
229,Gabriel Pereira,Female,17,Urban,greater than 3,Apart,5th to 9th grade,primary education (4th grade),other,other,course,mother,15 to 30 min.,5 to 10 hours,0,no,no,no,yes,yes,yes,yes,yes,Average,Low,Medium,Very Low,Low,Medium,10,12,10,12
230,Gabriel Pereira,Female,17,Urban,equal to 3,living together,higher education,secondary education,health,other,reputation,father,<15 min,2 to 5 hours,0,no,no,no,yes,yes,yes,yes,yes,Average,Low,Medium,Very Low,Low,Medium,14,13,13,14
231,Gabriel Pereira,Male,17,Rural,greater than 3,living together,5th to 9th grade,5th to 9th grade,other,other,course,father,15 to 30 min.,2 to 5 hours,0,no,yes,yes,yes,yes,yes,yes,no,Good,Very High,Low,Very Low,Very Low,Very Low,4,11,11,11
232,Gabriel Pereira,Male,17,Urban,greater than 3,living together,higher education,higher education,teacher,teacher,reputation,mother,<15 min,2 to 5 hours,0,yes,yes,no,yes,yes,yes,yes,yes,Good,Very High,Very High,Very Low,Medium,Low,14,11,9,9
233,Gabriel Pereira,Male,16,Urban,greater than 3,living together,higher education,higher education,health,other,reputation,father,<15 min,2 to 5 hours,0,no,yes,yes,yes,yes,yes,yes,no,Good,Low,High,Low,High,Very Low,2,14,13,13
234,Gabriel Pereira,Male,16,Urban,equal to 3,living together,primary education (4th grade),primary education (4th grade),other,other,home,mother,15 to 30 min.,2 to 5 hours,0,no,yes,yes,no,yes,yes,yes,no,Average,High,Low,Very Low,Very Low,Very High,18,9,7,6
235,Gabriel Pereira,Male,16,Urban,greater than 3,living together,secondary education,5th to 9th grade,at_home,other,reputation,mother,15 to 30 min.,5 to 10 hours,0,no,no,no,yes,yes,yes,yes,yes,Excellent,Medium,Medium,Very Low,Medium,Low,10,11,9,10
236,Gabriel Pereira,Male,17,Urban,equal to 3,living together,5th to 9th grade,5th to 9th grade,other,other,home,father,<15 min,2 to 5 hours,0,no,no,yes,yes,no,yes,yes,yes,Good,High,Low,Very High,Very High,High,4,14,13,13
237,Gabriel Pereira,Female,16,Urban,greater than 3,living together,5th to 9th grade,primary education (4th grade),other,other,home,mother,<15 min,<2 hours,0,no,no,no,no,yes,yes,yes,yes,Good,Very High,Low,Very Low,Very Low,Very High,20,13,12,12
238,Gabriel Pereira,Female,17,Rural,greater than 3,living together,5th to 9th grade,primary education (4th grade),at_home,services,course,mother,30 min. to 1 hour,2 to 5 hours,0,no,no,no,yes,yes,yes,no,no,Bad,Very Low,Very Low,Very Low,Very Low,Medium,2,13,11,11
239,Gabriel Pereira,Male,18,Urban,greater than 3,living together,5th to 9th grade,5th to 9th grade,other,services,reputation,father,<15 min,2 to 5 hours,1,no,no,no,no,yes,no,yes,no,Excellent,Very High,High,Medium,Very High,Low,0,7,7,0
240,Gabriel Pereira,Male,17,Urban,equal to 3,living together,higher education,secondary education,health,other,course,mother,15 to 30 min.,2 to 5 hours,0,no,no,no,yes,yes,yes,yes,yes,Bad,Very High,Very High,Very Low,High,Very High,14,12,12,12
241,Gabriel Pereira,Male,17,Rural,equal to 3,Apart,higher education,higher education,teacher,other,course,mother,15 to 30 min.,2 to 5 hours,0,no,yes,yes,no,yes,yes,yes,no,Average,Medium,Medium,Low,Medium,High,2,10,11,12
242,Gabriel Pereira,Male,16,Urban,equal to 3,living together,higher education,secondary education,teacher,other,course,mother,<15 min,<2 hours,0,no,no,no,yes,no,yes,yes,no,Excellent,High,Very High,Very Low,Very Low,Medium,0,6,0,0
243,Gabriel Pereira,Male,16,Urban,greater than 3,living together,higher education,higher education,services,services,course,mother,<15 min,<2 hours,0,no,no,no,yes,yes,yes,yes,no,Excellent,Medium,Low,Very Low,Low,Very High,0,13,12,12
244,Gabriel Pereira,Female,18,Urban,greater than 3,living together,5th to 9th grade,primary education (4th grade),other,other,course,other,15 to 30 min.,5 to 10 hours,0,no,yes,yes,no,no,yes,yes,yes,Good,High,High,Very Low,Very Low,Medium,0,7,0,0
245,Gabriel Pereira,Male,16,Urban,greater than 3,living together,5th to 9th grade,primary education (4th grade),other,other,course,mother,30 min. to 1 hour,<2 hours,0,no,no,no,no,yes,yes,yes,no,Good,Medium,Medium,Very Low,Very Low,High,6,18,18,18
246,Gabriel Pereira,Male,17,Urban,greater than 3,living together,5th to 9th grade,secondary education,other,other,course,father,15 to 30 min.,<2 hours,0,no,no,no,no,yes,yes,yes,no,Excellent,Low,Low,Very Low,Very Low,Low,4,12,12,13
247,Gabriel Pereira,Male,22,Urban,greater than 3,living together,secondary education,primary education (4th grade),services,services,other,mother,<15 min,<2 hours,3,no,no,no,no,no,no,yes,yes,Excellent,High,Very High,Very High,Very High,Very Low,16,6,8,8
248,Gabriel Pereira,Male,18,Rural,equal to 3,living together,secondary education,secondary education,other,services,course,mother,<15 min,2 to 5 hours,1,no,yes,no,no,yes,yes,yes,yes,Good,Medium,Medium,Very Low,Medium,Very High,8,3,5,5
249,Gabriel Pereira,Male,16,Urban,greater than 3,living together,none,5th to 9th grade,other,other,other,mother,<15 min,<2 hours,0,no,no,yes,no,no,yes,yes,no,Good,Medium,Low,Low,High,Very High,0,13,15,15
250,Gabriel Pereira,Male,18,Urban,greater than 3,living together,secondary education,5th to 9th grade,services,other,course,mother,15 to 30 min.,<2 hours,1,no,no,no,no,yes,no,yes,no,Good,High,Very High,Low,High,Very High,0,6,8,8
251,Gabriel Pereira,Male,16,Urban,greater than 3,living together,secondary education,secondary education,at_home,other,reputation,other,30 min. to 1 hour,2 to 5 hours,0,yes,yes,no,no,no,yes,yes,no,Excellent,Medium,Medium,Very Low,Medium,Low,6,7,10,10
252,Gabriel Pereira,Male,18,Urban,greater than 3,living together,5th to 9th grade,primary education (4th grade),services,services,other,mother,<15 min,<2 hours,1,no,no,no,no,no,no,yes,no,Average,Low,Very High,Low,Very High,Very High,4,6,9,8
253,Gabriel Pereira,Male,16,Rural,greater than 3,living together,5th to 9th grade,primary education (4th grade),other,other,course,mother,15 to 30 min.,<2 hours,0,no,no,no,yes,no,yes,no,no,Average,Medium,Low,Very Low,Medium,Medium,0,8,9,8
254,Gabriel Pereira,Male,17,Rural,greater than 3,living together,5th to 9th grade,primary education (4th grade),other,other,course,mother,<15 min,<2 hours,0,no,no,no,no,no,yes,yes,no,Good,High,Low,Low,High,Very High,0,8,12,12
255,Gabriel Pereira,Male,17,Urban,equal to 3,living together,primary education (4th grade),primary education (4th grade),health,other,course,mother,15 to 30 min.,<2 hours,1,no,yes,no,yes,yes,yes,yes,no,Good,High,High,Very Low,Low,Very High,2,7,9,8
256,Gabriel Pereira,Female,17,Urban,equal to 3,living together,higher education,5th to 9th grade,teacher,services,reputation,mother,<15 min,  >10 hours,0,no,yes,yes,yes,yes,yes,yes,no,Good,Low,Medium,Very Low,Very Low,High,6,14,12,13
257,Gabriel Pereira,Male,19,Urban,equal to 3,Apart,higher education,secondary education,services,at_home,reputation,mother,<15 min,2 to 5 hours,0,no,yes,no,no,yes,yes,yes,no,Good,Medium,Very Low,Very Low,Very Low,Very Low,12,11,11,11
258,Gabriel Pereira,Male,18,Urban,greater than 3,living together,5th to 9th grade,primary education (4th grade),other,other,home,mother,<15 min,2 to 5 hours,0,no,no,no,yes,yes,yes,yes,no,Excellent,Low,High,Very Low,Low,High,8,15,14,14
259,Gabriel Pereira,Female,17,Urban,equal to 3,living together,5th to 9th grade,5th to 9th grade,services,services,course,father,<15 min,  >10 hours,0,no,no,yes,yes,yes,yes,yes,yes,Average,High,Very Low,Very Low,Very Low,Low,0,10,9,0
260,Gabriel Pereira,Female,18,Urban,greater than 3,living together,higher education,secondary education,services,other,home,father,<15 min,2 to 5 hours,0,no,yes,yes,no,yes,yes,yes,yes,Average,Very Low,Low,Very Low,Medium,Low,21,17,18,18
261,Gabriel Pereira,Male,18,Urban,greater than 3,living together,higher education,secondary education,teacher,other,course,mother,<15 min,2 to 5 hours,0,no,yes,yes,no,no,yes,yes,no,Good,Medium,Low,Very Low,Very Low,Medium,2,8,8,8
262,Gabriel Pereira,Male,18,Rural,greater than 3,living together,secondary education,5th to 9th grade,other,other,course,mother,<15 min,5 to 10 hours,0,no,no,no,yes,no,yes,no,no,Excellent,Medium,Low,Very Low,Very Low,Medium,1,13,12,12
263,Gabriel Pereira,Female,17,Urban,greater than 3,living together,secondary education,secondary education,other,other,home,mother,<15 min,5 to 10 hours,0,no,no,no,yes,no,yes,no,no,Average,Low,Medium,Very Low,Very Low,High,4,10,9,9
264,Gabriel Pereira,Female,18,Urban,greater than 3,living together,5th to 9th grade,5th to 9th grade,at_home,services,home,mother,<15 min,5 to 10 hours,0,no,yes,yes,yes,yes,yes,yes,yes,Good,Medium,Medium,Very Low,Very Low,Medium,0,9,10,0
265,Gabriel Pereira,Male,18,Rural,equal to 3,Apart,secondary education,higher education,other,other,reputation,mother,15 to 30 min.,2 to 5 hours,0,no,yes,yes,yes,yes,yes,yes,no,Good,Low,Very High,Medium,High,Very Low,13,17,17,17
266,Gabriel Pereira,Male,17,Urban,greater than 3,living together,secondary education,primary education (4th grade),services,other,other,mother,<15 min,2 to 5 hours,0,no,no,yes,yes,yes,yes,yes,yes,Excellent,High,High,Medium,High,Very High,2,9,9,10
267,Gabriel Pereira,Female,18,Rural,greater than 3,living together,higher education,higher education,teacher,other,reputation,mother,15 to 30 min.,2 to 5 hours,0,no,no,yes,yes,yes,yes,yes,no,Good,Medium,High,Low,Low,High,8,12,10,11
268,Gabriel Pereira,Male,18,Urban,greater than 3,living together,higher education,5th to 9th grade,health,other,reputation,father,<15 min,2 to 5 hours,0,no,yes,yes,yes,yes,yes,yes,yes,Excellent,High,Very High,Very Low,Medium,Very High,10,10,9,10
269,Gabriel Pereira,Female,18,Rural,greater than 3,living together,5th to 9th grade,primary education (4th grade),other,other,reputation,mother,15 to 30 min.,2 to 5 hours,0,no,yes,no,no,yes,no,yes,yes,Good,Medium,Very High,Very Low,Low,Medium,0,6,0,0
270,Gabriel Pereira,Female,19,Urban,greater than 3,living together,secondary education,secondary education,other,services,home,other,<15 min,2 to 5 hours,2,no,yes,yes,yes,yes,yes,yes,no,Good,Medium,Very High,Medium,Medium,Very High,15,9,9,9
271,Gabriel Pereira,Female,18,Urban,greater than 3,living together,5th to 9th grade,secondary education,other,services,reputation,father,<15 min,  >10 hours,0,no,yes,yes,yes,yes,yes,yes,yes,Good,Very High,Very High,Very Low,Medium,Low,4,15,14,14
272,Gabriel Pereira,Female,18,Urban,equal to 3,living together,primary education (4th grade),primary education (4th grade),other,other,home,mother,15 to 30 min.,2 to 5 hours,0,no,yes,yes,no,no,yes,no,no,Good,High,Medium,Very Low,Very Low,Medium,2,11,11,11
273,Gabriel Pereira,Male,17,Rural,greater than 3,living together,primary education (4th grade),5th to 9th grade,at_home,at_home,home,mother,<15 min,2 to 5 hours,0,no,yes,yes,yes,no,yes,no,yes,Average,Very High,Low,Low,Low,Very Low,2,15,14,14
274,Gabriel Pereira,Female,17,Urban,greater than 3,living together,5th to 9th grade,higher education,at_home,health,reputation,mother,15 to 30 min.,2 to 5 hours,0,no,yes,yes,no,yes,yes,yes,yes,Good,Medium,Medium,Very Low,Very Low,Very Low,2,10,10,10
275,Gabriel Pereira,Female,17,Urban,equal to 3,living together,5th to 9th grade,5th to 9th grade,services,other,course,mother,15 to 30 min.,2 to 5 hours,0,yes,yes,yes,no,yes,yes,yes,yes,Good,High,High,Low,Medium,Very High,6,12,12,12
276,Gabriel Pereira,Female,18,Rural,greater than 3,Apart,secondary education,5th to 9th grade,other,services,home,mother,15 to 30 min.,2 to 5 hours,0,no,no,no,no,no,no,yes,yes,Good,Very Low,Very Low,Very Low,Very Low,Very High,75,10,9,9
277,Gabriel Pereira,Male,18,Urban,greater than 3,living together,higher education,higher education,teacher,services,home,mother,15 to 30 min.,<2 hours,0,no,no,yes,yes,yes,yes,yes,no,Average,Low,High,Very Low,High,Medium,22,9,9,9
278,Gabriel Pereira,Female,18,Urban,greater than 3,living together,higher education,higher education,health,health,reputation,father,<15 min,2 to 5 hours,1,yes,yes,no,yes,yes,yes,yes,yes,Bad,High,High,Very Low,Very Low,High,15,9,8,8
279,Gabriel Pereira,Male,18,Urban,equal to 3,living together,higher education,secondary education,teacher,services,course,mother,15 to 30 min.,<2 hours,0,no,no,yes,yes,yes,yes,yes,no,Good,Low,Medium,Very Low,Low,Very Low,8,10,11,10
280,Gabriel Pereira,Male,17,Urban,equal to 3,Apart,higher education,primary education (4th grade),services,other,home,mother,15 to 30 min.,<2 hours,0,no,no,yes,yes,yes,yes,yes,yes,Good,Very High,High,Low,High,Very High,30,8,8,8
281,Gabriel Pereira,Male,17,Urban,equal to 3,Apart,secondary education,5th to 9th grade,teacher,services,home,mother,<15 min,<2 hours,1,no,no,no,no,yes,yes,yes,no,Good,High,High,Medium,High,Medium,19,11,9,10
282,Gabriel Pereira,Female,18,Rural,equal to 3,living together,primary education (4th grade),primary education (4th grade),at_home,other,reputation,mother,15 to 30 min.,  >10 hours,0,no,yes,yes,yes,yes,yes,no,no,Excellent,Low,Low,Very Low,Very Low,Medium,1,12,12,12
283,Gabriel Pereira,Female,18,Urban,greater than 3,living together,primary education (4th grade),primary education (4th grade),other,other,home,mother,15 to 30 min.,2 to 5 hours,0,yes,no,no,yes,yes,yes,yes,no,Excellent,High,High,Very Low,Very Low,High,4,8,9,10
284,Gabriel Pereira,Female,17,Urban,greater than 3,living together,5th to 9th grade,5th to 9th grade,other,other,course,mother,<15 min,2 to 5 hours,0,no,yes,no,no,no,yes,yes,no,Excellent,High,Very High,Very Low,Low,Very High,4,10,9,11
285,Gabriel Pereira,Male,17,Urban,greater than 3,living together,primary education (4th grade),primary education (4th grade),other,other,reputation,father,<15 min,2 to 5 hours,0,no,no,yes,no,no,yes,yes,no,Good,Medium,Medium,Very Low,Low,High,2,12,10,11
286,Gabriel Pereira,Female,18,Urban,greater than 3,living together,5th to 9th grade,5th to 9th grade,at_home,at_home,other,mother,<15 min,5 to 10 hours,0,no,yes,yes,no,yes,yes,yes,no,Good,Medium,Medium,Very Low,Low,Low,5,18,18,19
287,Gabriel Pereira,Female,17,Urban,greater than 3,living together,primary education (4th grade),primary education (4th grade),services,teacher,reputation,mother,<15 min,5 to 10 hours,0,no,yes,yes,no,yes,yes,yes,no,Good,Medium,Medium,Very Low,Very Low,Medium,6,13,12,12
288,Gabriel Pereira,Male,18,Urban,greater than 3,living together,5th to 9th grade,primary education (4th grade),services,services,reputation,mother,<15 min,5 to 10 hours,0,no,no,yes,yes,yes,yes,yes,no,Good,Low,High,Very Low,Medium,Low,6,15,14,14
289,Gabriel Pereira,Male,18,Urban,equal to 3,Apart,higher education,higher education,teacher,teacher,reputation,mother,<15 min,2 to 5 hours,0,no,yes,yes,yes,yes,yes,yes,no,Excellent,High,Medium,Very Low,Very Low,Low,9,15,13,15
290,Gabriel Pereira,Male,18,Urban,greater than 3,living together,higher education,5th to 9th grade,teacher,other,home,mother,<15 min,2 to 5 hours,0,no,yes,yes,yes,yes,yes,yes,yes,Good,Medium,Low,Very Low,High,Very High,11,12,11,11
291,Gabriel Pereira,Female,17,Urban,greater than 3,living together,higher education,secondary education,health,services,reputation,mother,<15 min,5 to 10 hours,0,no,yes,yes,no,yes,yes,yes,no,Good,Low,Low,Very Low,Low,Medium,0,15,15,15
292,Gabriel Pereira,Female,18,Urban,equal to 3,living together,5th to 9th grade,primary education (4th grade),services,at_home,reputation,mother,<15 min,2 to 5 hours,1,no,no,no,no,yes,yes,yes,yes,Excellent,High,Medium,Very Low,Very Low,Very High,12,12,12,13
293,Gabriel Pereira,Female,17,Rural,equal to 3,living together,secondary education,primary education (4th grade),services,other,reputation,mother,15 to 30 min.,  >10 hours,0,no,yes,yes,no,yes,yes,no,no,Average,Very Low,Low,Very Low,Very Low,Medium,6,18,18,18
294,Gabriel Pereira,Male,18,Rural,equal to 3,living together,secondary education,5th to 9th grade,services,other,reputation,mother,15 to 30 min.,5 to 10 hours,0,no,yes,yes,yes,yes,yes,yes,no,Excellent,High,Low,Very Low,Very Low,High,8,14,13,14
295,Gabriel Pereira,Male,17,Urban,greater than 3,living together,secondary education,secondary education,health,other,home,mother,<15 min,<2 hours,0,no,yes,yes,no,yes,yes,yes,no,Good,High,Medium,Very Low,Medium,Very High,4,14,12,11
296,Gabriel Pereira,Female,19,Urban,greater than 3,living together,higher education,higher education,health,other,reputation,other,15 to 30 min.,2 to 5 hours,0,no,yes,yes,yes,yes,yes,yes,no,Bad,Medium,High,Low,Medium,Low,0,10,9,0
297,Gabriel Pereira,Female,18,Urban,equal to 3,living together,higher education,secondary education,other,other,home,other,15 to 30 min.,2 to 5 hours,0,no,yes,yes,no,yes,yes,yes,yes,Good,High,Very High,Very Low,Low,Low,10,10,8,8
298,Gabriel Pereira,Female,18,Urban,greater than 3,living together,higher education,secondary education,other,other,reputation,father,<15 min,  >10 hours,0,no,yes,yes,no,yes,yes,yes,no,Good,Medium,Medium,Very Low,Very Low,Medium,0,14,13,14
299,Gabriel Pereira,Male,18,Urban,equal to 3,living together,higher education,higher education,teacher,teacher,home,mother,<15 min,<2 hours,0,no,yes,yes,no,yes,yes,yes,yes,Very bad,High,Low,Low,Low,Very Low,5,16,15,16
300,Gabriel Pereira,Female,18,Urban,equal to 3,Apart,higher education,higher education,health,other,home,mother,<15 min,2 to 5 hours,0,no,yes,no,no,yes,yes,yes,yes,Good,Low,High,Very Low,Very Low,High,14,12,10,11
301,Gabriel Pereira,Male,17,Urban,equal to 3,living together,higher education,higher education,other,teacher,home,father,15 to 30 min.,<2 hours,0,no,no,yes,no,yes,yes,yes,no,Good,Very Low,Very Low,Low,Low,Very High,0,11,11,10
302,Gabriel Pereira,Female,17,Urban,greater than 3,living together,higher education,5th to 9th grade,other,other,reputation,mother,15 to 30 min.,5 to 10 hours,0,no,yes,yes,no,yes,yes,yes,no,Good,Medium,Medium,Very Low,Very Low,Medium,0,15,12,14
303,Gabriel Pereira,Female,17,Urban,greater than 3,living together,secondary education,5th to 9th grade,health,health,reputation,father,<15 min,  >10 hours,0,no,yes,yes,yes,no,yes,yes,no,Excellent,Low,Low,Very Low,Low,Very High,0,17,17,18
304,Gabriel Pereira,Male,19,Urban,greater than 3,living together,secondary education,secondary education,other,other,home,other,<15 min,2 to 5 hours,1,no,yes,no,yes,yes,yes,yes,yes,Good,High,High,Very Low,Very Low,Medium,20,15,14,13
305,Gabriel Pereira,Female,18,Urban,greater than 3,living together,5th to 9th grade,higher education,services,at_home,reputation,other,<15 min,2 to 5 hours,1,no,yes,yes,yes,yes,yes,yes,no,Good,High,Medium,Very Low,Very Low,Medium,8,14,12,12
306,Gabriel Pereira,Male,20,Urban,greater than 3,Apart,secondary education,5th to 9th grade,services,other,course,other,<15 min,<2 hours,0,no,no,no,yes,yes,yes,no,no,Excellent,Very High,Medium,Very Low,Very Low,Very High,0,17,18,18
307,Gabriel Pereira,Male,19,Urban,greater than 3,living together,higher education,higher education,teacher,services,reputation,other,15 to 30 min.,<2 hours,1,no,yes,yes,no,yes,yes,yes,yes,Good,Medium,High,Very Low,Very Low,High,38,8,9,8
308,Gabriel Pereira,Male,19,Rural,greater than 3,living together,secondary education,secondary education,other,services,reputation,father,<15 min,2 to 5 hours,1,no,no,no,yes,yes,yes,no,yes,Good,Very High,Medium,Very Low,Low,Very High,0,15,12,12
309,Gabriel Pereira,Female,19,Urban,equal to 3,living together,primary education (4th grade),primary education (4th grade),at_home,other,reputation,other,<15 min,2 to 5 hours,1,yes,yes,no,yes,no,yes,yes,no,Good,High,Medium,Very Low,Medium,Medium,18,12,10,10
310,Gabriel Pereira,Female,19,Urban,equal to 3,living together,primary education (4th grade),5th to 9th grade,services,services,home,other,<15 min,2 to 5 hours,1,no,no,no,yes,no,yes,no,yes,Good,Low,High,Low,Low,Medium,0,9,9,0
311,Gabriel Pereira,Female,19,Urban,greater than 3,living together,5th to 9th grade,primary education (4th grade),at_home,other,other,other,30 min. to 1 hour,2 to 5 hours,0,no,yes,no,no,yes,no,yes,yes,Average,High,Very Low,Very Low,Very Low,Low,20,14,12,13
312,Gabriel Pereira,Male,19,Urban,greater than 3,living together,primary education (4th grade),5th to 9th grade,other,services,course,other,<15 min,2 to 5 hours,1,no,no,no,no,no,yes,yes,no,Good,Very High,Low,Low,Low,High,3,13,11,11
313,Gabriel Pereira,Female,19,Urban,equal to 3,living together,secondary education,5th to 9th grade,services,other,reputation,other,15 to 30 min.,2 to 5 hours,1,no,yes,yes,no,no,yes,yes,yes,Good,Low,Low,Very Low,Low,Very Low,22,13,10,11
314,Gabriel Pereira,Female,19,Urban,greater than 3,living together,primary education (4th grade),primary education (4th grade),at_home,health,home,other,<15 min,5 to 10 hours,2,no,no,no,no,no,yes,yes,yes,Good,Very Low,Low,Very Low,Very Low,Medium,14,15,13,13
315,Gabriel Pereira,Female,19,Rural,greater than 3,living together,5th to 9th grade,secondary education,other,other,reputation,other,<15 min,5 to 10 hours,1,no,no,no,no,yes,yes,yes,yes,Good,Very Low,Low,Very Low,Very Low,Medium,40,13,11,11
316,Gabriel Pereira,Female,18,Urban,greater than 3,living together,5th to 9th grade,primary education (4th grade),services,other,course,mother,15 to 30 min.,2 to 5 hours,0,no,yes,yes,yes,yes,yes,yes,no,Excellent,Medium,Medium,Very Low,Low,Very Low,0,8,8,0
317,Gabriel Pereira,Female,18,Urban,greater than 3,living together,higher education,secondary education,other,other,course,mother,<15 min,5 to 10 hours,0,no,yes,yes,yes,yes,yes,yes,yes,Good,Medium,High,Very Low,Very Low,Very High,9,9,10,9
318,Gabriel Pereira,Female,17,Rural,greater than 3,living together,secondary education,higher education,at_home,services,course,father,<15 min,5 to 10 hours,0,no,yes,yes,yes,no,yes,yes,no,Good,Medium,High,Low,Very High,Very High,0,11,11,10
319,Gabriel Pereira,Female,18,Urban,greater than 3,living together,higher education,higher education,teacher,other,course,mother,<15 min,2 to 5 hours,0,no,yes,yes,no,yes,yes,yes,no,Good,High,High,Medium,Medium,Very High,2,11,11,11
320,Gabriel Pereira,Female,17,Urban,greater than 3,Apart,higher education,secondary education,services,services,course,mother,<15 min,2 to 5 hours,0,no,yes,yes,no,yes,yes,yes,yes,Excellent,Low,Low,Very Low,Low,Very High,23,13,13,13
321,Gabriel Pereira,Female,17,Urban,greater than 3,living together,5th to 9th grade,5th to 9th grade,other,other,course,mother,<15 min,2 to 5 hours,0,no,yes,no,no,yes,yes,no,yes,Good,Low,Low,Very Low,Very Low,Medium,12,11,9,9
322,Gabriel Pereira,Female,17,Rural,equal to 3,living together,5th to 9th grade,5th to 9th grade,services,services,course,mother,<15 min,5 to 10 hours,0,no,yes,yes,yes,yes,yes,yes,no,Average,Medium,Low,Low,Low,Medium,3,11,11,11
323,Gabriel Pereira,Female,17,Urban,greater than 3,living together,secondary education,primary education (4th grade),services,services,course,father,<15 min,5 to 10 hours,0,no,yes,no,no,no,yes,yes,no,Average,High,Medium,Low,Medium,Very High,1,12,14,15
324,Gabriel Pereira,Female,17,Urban,equal to 3,living together,none,5th to 9th grade,at_home,at_home,home,father,15 to 30 min.,5 to 10 hours,0,no,no,no,no,yes,yes,yes,no,Average,Medium,Medium,Low,Medium,Low,0,16,15,15
325,Gabriel Pereira,Male,18,Urban,greater than 3,living together,higher education,higher education,other,other,course,mother,<15 min,5 to 10 hours,0,no,no,no,yes,yes,yes,yes,no,Good,Medium,Medium,Low,Low,Medium,3,9,12,11
326,Gabriel Pereira,Male,17,Urban,greater than 3,living together,secondary education,secondary education,other,services,reputation,mother,<15 min,<2 hours,0,no,no,no,yes,no,yes,yes,no,Good,Medium,Very High,Medium,Very High,Very High,3,14,15,16
327,Gabriel Pereira,Male,17,Rural,greater than 3,living together,5th to 9th grade,5th to 9th grade,services,other,course,mother, >1 hour,<2 hours,0,no,yes,no,no,yes,yes,yes,no,Good,High,Very High,Very High,Very High,High,8,11,10,10
328,Gabriel Pereira,Female,17,Urban,greater than 3,living together,higher education,higher education,teacher,services,course,mother,<15 min,5 to 10 hours,0,no,yes,yes,yes,yes,yes,yes,no,Excellent,High,High,Very Low,Medium,High,7,10,9,9
329,Gabriel Pereira,Female,17,Urban,greater than 3,living together,higher education,higher education,teacher,teacher,course,mother,15 to 30 min.,5 to 10 hours,0,no,yes,yes,no,no,yes,yes,yes,Good,Medium,Medium,Very Low,Low,High,4,14,14,14
330,Gabriel Pereira,Male,18,Urban,equal to 3,living together,5th to 9th grade,5th to 9th grade,other,other,course,mother,<15 min,  >10 hours,0,no,yes,no,yes,yes,yes,yes,no,Good,Very High,Very High,Low,High,Very High,2,9,8,8
331,Gabriel Pereira,Female,17,Rural,greater than 3,living together,5th to 9th grade,higher education,at_home,other,course,father,<15 min,5 to 10 hours,0,no,yes,no,no,yes,yes,yes,yes,Good,High,Medium,Very Low,Very Low,Very High,7,12,14,14
332,Gabriel Pereira,Female,18,Urban,greater than 3,living together,secondary education,secondary education,services,services,home,mother,<15 min,2 to 5 hours,0,no,no,no,yes,yes,yes,yes,no,Excellent,Medium,High,Very Low,Very Low,High,0,7,0,0
333,Gabriel Pereira,Female,18,Urban,equal to 3,living together,5th to 9th grade,5th to 9th grade,other,other,home,other,<15 min,2 to 5 hours,0,no,no,no,yes,no,yes,yes,yes,Good,Medium,Medium,Very Low,Very Low,Low,0,8,8,0
334,Gabriel Pereira,Female,18,Rural,greater than 3,living together,5th to 9th grade,5th to 9th grade,at_home,other,course,mother,15 to 30 min.,  >10 hours,0,no,no,no,yes,yes,yes,no,no,Good,High,High,Very Low,Very Low,High,0,10,9,0
335,Gabriel Pereira,Female,17,Urban,greater than 3,living together,secondary education,higher education,services,other,course,mother,<15 min,5 to 10 hours,0,no,no,no,no,yes,yes,yes,no,Good,High,Very High,Very Low,Medium,Very High,16,16,15,15
336,Gabriel Pereira,Female,19,Rural,greater than 3,Apart,secondary education,primary education (4th grade),services,at_home,home,other,<15 min,5 to 10 hours,1,no,no,yes,no,yes,yes,no,no,Excellent,High,Medium,Very Low,Low,Very High,12,14,13,13
337,Gabriel Pereira,Female,17,Urban,greater than 3,living together,secondary education,5th to 9th grade,other,other,home,mother,<15 min,2 to 5 hours,0,no,yes,yes,no,yes,yes,yes,yes,Good,Medium,Low,Low,Medium,Low,0,7,8,0
338,Gabriel Pereira,Female,18,Urban,equal to 3,living together,secondary education,secondary education,services,services,home,mother,<15 min,  >10 hours,0,no,yes,no,no,yes,yes,yes,no,Excellent,Medium,Medium,Very Low,Very Low,Very Low,7,16,15,17
339,Gabriel Pereira,Female,17,Rural,greater than 3,Apart,secondary education,5th to 9th grade,other,other,home,mother,<15 min,2 to 5 hours,0,no,yes,yes,no,yes,yes,yes,no,Good,Medium,Medium,Low,Medium,Low,4,9,10,10
340,Gabriel Pereira,Female,19,Urban,greater than 3,living together,5th to 9th grade,primary education (4th grade),services,services,home,other,<15 min,5 to 10 hours,1,no,no,yes,yes,yes,yes,yes,yes,Good,Medium,High,Very Low,Medium,Medium,4,11,12,11
341,Gabriel Pereira,Male,18,Urban,greater than 3,living together,higher education,higher education,teacher,services,home,father,<15 min,2 to 5 hours,1,no,yes,no,yes,yes,yes,yes,no,Good,Medium,Medium,Low,Low,Low,0,10,10,0
342,Gabriel Pereira,Male,18,Urban,equal to 3,living together,secondary education,higher education,services,other,home,mother,<15 min,2 to 5 hours,0,no,no,no,yes,yes,yes,yes,yes,Good,Medium,Medium,Very Low,Medium,Very High,11,16,15,15
343,Gabriel Pereira,Female,17,Urban,greater than 3,Apart,5th to 9th grade,5th to 9th grade,at_home,at_home,home,father,<15 min,2 to 5 hours,1,no,yes,no,no,yes,yes,yes,yes,Average,Medium,Very Low,Very Low,Low,High,0,9,8,0
344,Gabriel Pereira,Female,18,Urban,greater than 3,living together,5th to 9th grade,secondary education,at_home,other,course,mother,<15 min,5 to 10 hours,0,no,yes,no,no,yes,yes,yes,no,Good,Medium,Medium,Very Low,Low,Medium,4,11,10,10
345,Gabriel Pereira,Female,18,Urban,greater than 3,living together,secondary education,5th to 9th grade,other,services,other,mother,<15 min,5 to 10 hours,0,no,no,no,no,yes,yes,yes,yes,Excellent,High,Medium,Low,Medium,Very Low,7,13,13,14
346,Gabriel Pereira,Male,18,Rural,greater than 3,living together,higher education,secondary education,teacher,services,course,mother,<15 min,5 to 10 hours,0,no,no,no,no,yes,yes,yes,yes,Excellent,Medium,Low,Very Low,Low,High,9,16,15,16
347,Gabriel Pereira,Male,18,Urban,greater than 3,living together,higher education,secondary education,teacher,other,course,mother,<15 min,5 to 10 hours,0,no,yes,yes,no,yes,yes,yes,yes,Excellent,High,Very High,Low,Medium,Very High,0,10,10,9
348,Gabriel Pereira,Female,17,Urban,greater than 3,living together,higher education,secondary education,health,other,reputation,mother,<15 min,5 to 10 hours,0,no,yes,yes,yes,yes,yes,yes,yes,Good,High,Medium,Very Low,Medium,High,0,13,15,15
349,Mousinho da Silveira,Male,18,Rural,greater than 3,living together,secondary education,5th to 9th grade,other,other,course,mother,15 to 30 min.,<2 hours,1,no,yes,no,no,no,yes,yes,no,Bad,Very High,Very High,Very High,Very High,Very High,10,11,13,13
350,Mousinho da Silveira,Male,19,Rural,greater than 3,living together,primary education (4th grade),primary education (4th grade),other,services,home,other,30 min. to 1 hour,2 to 5 hours,3,no,no,no,no,yes,yes,yes,no,Excellent,High,High,Medium,Medium,Low,8,8,7,8
351,Mousinho da Silveira,Male,17,Urban,greater than 3,living together,secondary education,secondary education,health,other,course,mother,15 to 30 min.,2 to 5 hours,0,no,yes,yes,no,yes,yes,yes,no,Good,Very High,High,Low,Medium,Medium,2,13,13,13
352,Mousinho da Silveira,Male,18,Urban,equal to 3,living together,primary education (4th grade),secondary education,at_home,services,course,mother,<15 min,<2 hours,1,no,no,no,no,yes,no,yes,yes,Good,Medium,Medium,Low,Medium,Medium,7,8,7,8
353,Mousinho da Silveira,Male,19,Rural,greater than 3,living together,primary education (4th grade),primary education (4th grade),other,other,home,other,30 min. to 1 hour,<2 hours,1,no,yes,no,no,yes,yes,yes,no,Good,High,High,Medium,Medium,Very High,4,8,8,8
354,Mousinho da Silveira,Male,17,Rural,greater than 3,living together,higher education,secondary education,services,other,home,mother,15 to 30 min.,2 to 5 hours,0,no,yes,yes,yes,no,yes,yes,yes,Good,Very High,Very High,Very Low,Medium,Low,4,13,11,11
355,Mousinho da Silveira,Female,18,Urban,greater than 3,living together,secondary education,secondary education,services,services,course,father,<15 min,2 to 5 hours,0,no,yes,no,no,yes,yes,no,yes,Excellent,Medium,High,Very Low,Very Low,Very High,0,10,9,9
356,Mousinho da Silveira,Female,17,Rural,greater than 3,living together,higher education,higher education,teacher,services,other,father,15 to 30 min.,2 to 5 hours,0,no,yes,yes,yes,yes,yes,yes,no,Good,Medium,Medium,Very Low,Low,Very High,4,12,13,13
357,Mousinho da Silveira,Female,17,Urban,equal to 3,Apart,secondary education,5th to 9th grade,services,other,reputation,mother,15 to 30 min.,2 to 5 hours,0,no,no,no,no,yes,yes,no,yes,Very bad,Low,Medium,Very Low,Low,Very High,2,12,12,11
358,Mousinho da Silveira,Male,18,Urban,equal to 3,living together,primary education (4th grade),primary education (4th grade),other,services,home,father,15 to 30 min.,<2 hours,0,no,no,no,no,no,yes,yes,yes,Average,Medium,Low,Very Low,Low,Medium,4,10,10,10
359,Mousinho da Silveira,Female,18,Urban,equal to 3,living together,primary education (4th grade),primary education (4th grade),at_home,services,course,father,15 to 30 min.,5 to 10 hours,0,no,no,no,no,yes,yes,yes,no,Excellent,Medium,Low,Very Low,Very Low,High,0,18,16,16
360,Mousinho da Silveira,Female,18,Rural,equal to 3,Apart,primary education (4th grade),higher education,at_home,other,course,mother,30 min. to 1 hour,2 to 5 hours,0,no,no,no,no,yes,yes,no,yes,Good,Medium,High,Very Low,High,Very High,0,13,13,13
361,Mousinho da Silveira,Male,18,Rural,equal to 3,living together,primary education (4th grade),primary education (4th grade),at_home,other,other,mother,15 to 30 min.,2 to 5 hours,1,no,no,no,yes,no,no,no,no,Good,High,Medium,Low,Medium,Very High,2,13,12,12
362,Mousinho da Silveira,Female,18,Urban,greater than 3,living together,secondary education,secondary education,services,services,other,mother,15 to 30 min.,2 to 5 hours,0,no,yes,no,no,yes,yes,yes,yes,Good,Medium,Low,Very Low,Medium,Medium,0,11,11,10
363,Mousinho da Silveira,Female,17,Urban,equal to 3,living together,higher education,higher education,at_home,at_home,course,mother,<15 min,2 to 5 hours,0,no,yes,yes,yes,yes,yes,yes,yes,Bad,Medium,High,Very Low,Very Low,Very Low,0,16,15,15
364,Mousinho da Silveira,Female,17,Rural,greater than 3,living together,primary education (4th grade),5th to 9th grade,other,services,course,father,15 to 30 min.,2 to 5 hours,0,no,no,no,no,no,yes,no,no,Average,Low,Low,Very Low,Low,Medium,0,12,11,12
365,Mousinho da Silveira,Male,18,Rural,greater than 3,living together,primary education (4th grade),secondary education,at_home,other,course,mother,15 to 30 min.,2 to 5 hours,0,no,yes,yes,no,yes,yes,no,no,Average,Medium,High,Low,High,Medium,4,10,10,10
366,Mousinho da Silveira,Male,18,Urban,equal to 3,living together,higher education,higher education,teacher,services,other,mother,15 to 30 min.,5 to 10 hours,0,no,no,yes,no,yes,yes,yes,yes,Good,Low,Low,Low,Low,Very High,0,13,13,13
367,Mousinho da Silveira,Female,17,Rural,greater than 3,living together,primary education (4th grade),primary education (4th grade),other,services,reputation,mother,30 min. to 1 hour,<2 hours,1,no,yes,yes,no,yes,yes,yes,yes,Excellent,Low,Very Low,Very Low,Low,Very Low,0,7,6,0
368,Mousinho da Silveira,Female,18,Urban,greater than 3,living together,5th to 9th grade,secondary education,at_home,services,course,father,15 to 30 min.,<2 hours,0,no,yes,yes,no,yes,yes,yes,yes,Excellent,Low,Medium,Very Low,Low,High,0,11,10,10
369,Mousinho da Silveira,Female,18,Rural,greater than 3,living together,higher education,higher education,other,teacher,other,father,30 min. to 1 hour,2 to 5 hours,0,no,yes,yes,no,no,yes,yes,yes,Average,Low,Low,High,Low,Very High,10,14,12,11
370,Mousinho da Silveira,Female,19,Urban,equal to 3,living together,secondary education,5th to 9th grade,services,services,home,other,15 to 30 min.,2 to 5 hours,2,no,no,no,yes,yes,yes,no,yes,Average,Low,Low,Very Low,Very Low,Medium,4,7,7,9
371,Mousinho da Silveira,Male,18,Rural,equal to 3,living together,primary education (4th grade),5th to 9th grade,at_home,services,other,father,30 min. to 1 hour,<2 hours,0,no,yes,yes,yes,yes,no,yes,yes,Good,Medium,Medium,Low,Medium,Medium,3,14,12,12
372,Mousinho da Silveira,Female,17,Urban,greater than 3,living together,5th to 9th grade,5th to 9th grade,other,at_home,home,mother,<15 min,5 to 10 hours,0,no,no,no,yes,yes,yes,no,yes,Average,High,Medium,Very Low,Very Low,Medium,8,13,11,11
373,Mousinho da Silveira,Female,17,Rural,greater than 3,living together,primary education (4th grade),5th to 9th grade,other,other,course,mother,<15 min,<2 hours,0,no,no,no,yes,yes,yes,yes,no,Average,Very High,Very High,Very Low,Medium,Very Low,14,6,5,5
374,Mousinho da Silveira,Female,18,Rural,equal to 3,living together,higher education,higher education,other,other,reputation,mother,15 to 30 min.,5 to 10 hours,0,no,no,no,no,yes,yes,yes,no,Excellent,High,High,Very Low,Very Low,Very Low,0,19,18,19
375,Mousinho da Silveira,Female,18,Rural,greater than 3,living together,primary education (4th grade),primary education (4th grade),other,other,home,mother, >1 hour,5 to 10 hours,0,no,no,no,no,yes,yes,yes,no,Good,Medium,Low,Very Low,Low,High,2,8,8,10
376,Mousinho da Silveira,Female,20,Urban,greater than 3,living together,higher education,5th to 9th grade,health,other,course,other,15 to 30 min.,5 to 10 hours,2,no,yes,yes,no,no,yes,yes,yes,Excellent,High,Medium,Very Low,Very Low,Medium,4,15,14,15
377,Mousinho da Silveira,Female,18,Rural,equal to 3,living together,higher education,higher education,teacher,services,course,mother,<15 min,2 to 5 hours,0,no,no,yes,yes,yes,yes,yes,no,Excellent,High,Medium,Medium,High,Low,4,8,9,10
378,Mousinho da Silveira,Female,18,Urban,greater than 3,living together,secondary education,secondary education,other,other,home,mother,<15 min,2 to 5 hours,0,no,no,yes,no,yes,yes,yes,yes,Good,Very Low,Medium,Very Low,Low,Very Low,0,15,15,15
379,Mousinho da Silveira,Female,17,Rural,greater than 3,living together,secondary education,primary education (4th grade),at_home,other,reputation,mother,<15 min,2 to 5 hours,0,no,yes,yes,yes,no,yes,yes,no,Good,Very High,High,Low,Medium,Very Low,17,10,10,10
380,Mousinho da Silveira,Male,18,Urban,greater than 3,living together,higher education,higher education,teacher,teacher,home,father,<15 min,2 to 5 hours,0,no,no,yes,yes,no,yes,yes,no,Average,Low,High,Very Low,High,Low,4,15,14,14
381,Mousinho da Silveira,Male,18,Rural,greater than 3,living together,5th to 9th grade,primary education (4th grade),other,other,other,mother,15 to 30 min.,<2 hours,0,no,no,no,yes,no,yes,yes,yes,Good,High,Medium,Very Low,Medium,Very High,5,7,6,7
382,Mousinho da Silveira,Male,17,Urban,greater than 3,living together,5th to 9th grade,secondary education,other,services,home,father,15 to 30 min.,2 to 5 hours,0,no,no,no,yes,yes,yes,yes,no,Good,High,Medium,Very Low,Very Low,Medium,2,11,11,10
383,Mousinho da Silveira,Male,19,Rural,greater than 3,living together,primary education (4th grade),primary education (4th grade),other,services,other,mother,15 to 30 min.,<2 hours,1,no,no,no,no,yes,yes,no,no,Good,Medium,Low,Very Low,Medium,Very High,0,6,5,0
384,Mousinho da Silveira,Male,18,Rural,greater than 3,living together,higher education,5th to 9th grade,other,other,home,father,15 to 30 min.,<2 hours,1,no,no,yes,no,yes,yes,no,no,Excellent,High,Medium,High,Medium,Medium,14,6,5,5
385,Mousinho da Silveira,Female,18,Rural,greater than 3,living together,5th to 9th grade,5th to 9th grade,at_home,other,other,mother,15 to 30 min.,5 to 10 hours,0,no,no,yes,no,yes,yes,no,no,Excellent,Medium,Medium,Very Low,Medium,High,2,10,9,10
386,Mousinho da Silveira,Female,18,Rural,greater than 3,living together,higher education,higher education,teacher,at_home,reputation,mother,30 min. to 1 hour,<2 hours,0,no,yes,yes,yes,yes,yes,yes,yes,Good,High,Medium,Low,Low,Very High,7,6,5,6
387,Mousinho da Silveira,Female,19,Rural,greater than 3,living together,5th to 9th grade,secondary education,services,other,course,mother,<15 min,5 to 10 hours,1,no,no,no,yes,no,yes,yes,no,Excellent,High,Low,Very Low,Low,Very High,0,7,5,0
388,Mousinho da Silveira,Female,18,Urban,equal to 3,living together,secondary education,primary education (4th grade),teacher,services,course,mother,<15 min,2 to 5 hours,0,no,yes,yes,no,yes,yes,yes,no,Good,Medium,High,Very Low,Very Low,Very Low,0,7,9,8
389,Mousinho da Silveira,Female,18,Urban,greater than 3,living together,primary education (4th grade),primary education (4th grade),other,other,course,mother,15 to 30 min.,2 to 5 hours,1,no,no,no,yes,yes,yes,no,no,Very bad,Very Low,Very Low,Very Low,Very Low,Very High,0,6,5,0
390,Mousinho da Silveira,Male,20,Urban,equal to 3,Apart,5th to 9th grade,5th to 9th grade,services,services,course,other,<15 min,2 to 5 hours,2,no,yes,yes,no,yes,yes,no,no,Excellent,Very High,High,High,Very High,High,11,9,9,9
391,Mousinho da Silveira,Male,17,Urban,equal to 3,living together,secondary education,primary education (4th grade),services,services,course,mother,15 to 30 min.,<2 hours,0,no,no,no,no,no,yes,yes,no,Bad,High,Very High,Medium,High,Low,3,14,16,16
392,Mousinho da Silveira,Male,21,Rural,greater than 3,living together,primary education (4th grade),primary education (4th grade),other,other,course,other,<15 min,<2 hours,3,no,no,no,no,no,yes,no,no,Excellent,Very High,Medium,Medium,Medium,Medium,3,10,8,7
393,Mousinho da Silveira,Male,18,Rural,equal to 3,living together,secondary education,5th to 9th grade,services,other,course,mother,30 min. to 1 hour,<2 hours,0,no,no,no,no,no,yes,yes,no,Good,High,Very Low,Medium,High,Very High,0,11,12,10
394,Mousinho da Silveira,Male,19,Urban,equal to 3,living together,primary education (4th grade),primary education (4th grade),other,at_home,course,father,<15 min,<2 hours,0,no,no,no,no,yes,yes,yes,no,Average,Low,Medium,Medium,Medium,Very High,5,8,9,9
