ID,School_name,Gender,Age,Address,Family_size ,Pstatus ,school_choice_reason,home_to_school_travel_time,weekly_study_time,num_of_past_class_failures,extra_educational_support,family_educational_support,extra_paid_classes,extra_curricular_activities,attended_nursery_school,wants_higher_education,internet_access_at_home,free_time_after_school,going_out_with_friends,current_health_status,mat_number_of_school_absences,mat_first_period_grade,mat_second_period_grade,mat_final_grade,por_number_of_school_absences,por_first_period_grade,por_second_period_grade,por_final_grade
0,Gabriel Pereira,Female,18,Urban,greater than 3,Apart,course,15 to 30 min.,2 to 5 hours,0,yes,no,no,no,yes,yes,no,Medium,High,Medium,6,5,6,6,4,0,11,11
1,Gabriel Pereira,Female,17,Urban,greater than 3,living together,course,<15 min,2 to 5 hours,0,no,yes,no,no,no,yes,yes,Medium,Medium,Medium,4,5,5,6,2,9,11,11
2,Gabriel Pereira,Female,15,Urban,equal to 3,living together,other,<15 min,2 to 5 hours,3,yes,no,yes,no,yes,yes,yes,Medium,Low,Medium,10,7,8,10,6,12,13,12
3,Gabriel Pereira,Female,15,Urban,greater than 3,living together,home,<15 min,5 to 10 hours,0,no,yes,yes,yes,yes,yes,yes,Low,Low,Very High,2,15,14,15,0,14,14,14
4,Gabriel Pereira,Female,16,Urban,greater than 3,living together,home,<15 min,2 to 5 hours,0,no,yes,yes,no,yes,yes,no,Medium,Low,Very High,4,6,10,10,0,11,13,13
5,Gabriel Pereira,Male,16,Urban,equal to 3,living together,reputation,<15 min,2 to 5 hours,0,no,yes,yes,yes,yes,yes,yes,High,Low,Very High,10,15,15,15,6,12,12,13
6,Gabriel Pereira,Male,16,Urban,equal to 3,living together,home,<15 min,2 to 5 hours,0,no,no,no,no,yes,yes,yes,High,High,Medium,0,12,12,11,0,13,12,13
7,Gabriel Pereira,Female,17,Urban,greater than 3,Apart,home,15 to 30 min.,2 to 5 hours,0,yes,yes,no,no,yes,yes,no,Very Low,High,Very Low,6,6,5,6,2,10,13,13
8,Gabriel Pereira,Male,15,Urban,equal to 3,Apart,home,<15 min,2 to 5 hours,0,no,yes,yes,no,yes,yes,yes,Low,Low,Very Low,0,16,18,19,0,15,16,17
9,Gabriel Pereira,Male,15,Urban,greater than 3,living together,home,<15 min,2 to 5 hours,0,no,yes,yes,yes,yes,yes,yes,Very High,Very Low,Very High,0,14,15,15,0,12,12,13
10,Gabriel Pereira,Female,15,Urban,greater than 3,living together,reputation,<15 min,2 to 5 hours,0,no,yes,yes,no,yes,yes,yes,Medium,Medium,Low,0,10,8,9,2,14,14,14
11,Gabriel Pereira,Female,15,Urban,greater than 3,living together,reputation,30 min. to 1 hour,5 to 10 hours,0,no,yes,no,yes,yes,yes,yes,Low,Low,High,4,10,12,12,0,10,12,13
12,Gabriel Pereira,Male,15,Urban,equal to 3,living together,course,<15 min,<2 hours,0,no,yes,yes,yes,yes,yes,yes,Medium,Medium,Very High,2,14,14,14,0,12,13,12
13,Gabriel Pereira,Male,15,Urban,greater than 3,living together,course,15 to 30 min.,2 to 5 hours,0,no,yes,yes,no,yes,yes,yes,High,Medium,Medium,2,10,10,11,0,12,12,13
14,Gabriel Pereira,Male,15,Urban,greater than 3,Apart,home,<15 min,5 to 10 hours,0,no,yes,no,no,yes,yes,yes,Very High,Low,Medium,0,14,16,16,0,14,14,15
15,Gabriel Pereira,Female,16,Urban,greater than 3,living together,home,<15 min,<2 hours,0,no,yes,no,no,yes,yes,yes,High,High,Low,4,14,14,14,6,17,17,17
16,Gabriel Pereira,Female,16,Urban,greater than 3,living together,reputation,<15 min,5 to 10 hours,0,no,yes,yes,yes,yes,yes,yes,Low,Medium,Low,6,13,14,14,10,13,13,14
17,Gabriel Pereira,Female,16,Urban,greater than 3,living together,reputation,30 min. to 1 hour,2 to 5 hours,0,yes,yes,no,yes,yes,yes,no,Medium,Low,High,4,8,10,10,2,13,14,14
18,Gabriel Pereira,Male,17,Urban,greater than 3,living together,course,<15 min,<2 hours,3,no,yes,no,yes,yes,yes,yes,Very High,Very High,Very High,16,6,5,5,2,8,8,7
19,Gabriel Pereira,Male,16,Urban,equal to 3,living together,home,<15 min,<2 hours,0,no,no,yes,yes,yes,yes,yes,Very Low,Medium,Very High,4,8,10,10,6,12,12,12
20,Gabriel Pereira,Male,15,Urban,greater than 3,living together,reputation,<15 min,2 to 5 hours,0,no,no,no,no,yes,yes,yes,High,Very Low,Very Low,0,13,14,15,0,12,13,14
21,Gabriel Pereira,Male,15,Urban,greater than 3,living together,other,<15 min,<2 hours,0,no,yes,yes,no,yes,yes,yes,High,Low,Very High,0,12,15,15,0,11,12,12
22,Gabriel Pereira,Male,16,Urban,equal to 3,living together,course,<15 min,2 to 5 hours,0,no,no,no,yes,yes,yes,yes,Very High,Very Low,Very High,2,15,15,16,0,12,13,14
23,Gabriel Pereira,Male,16,Urban,equal to 3,living together,reputation,15 to 30 min.,2 to 5 hours,0,no,yes,no,yes,yes,yes,yes,High,High,Very High,0,13,13,12,2,10,10,10
24,Gabriel Pereira,Female,15,Rural,greater than 3,living together,course,<15 min,5 to 10 hours,0,yes,yes,yes,yes,yes,yes,yes,Medium,Low,Very High,2,10,9,8,2,10,11,10
25,Gabriel Pereira,Female,16,Urban,greater than 3,living together,home,<15 min,<2 hours,2,no,yes,yes,no,no,yes,yes,Low,Low,Very High,14,6,9,8,6,10,11,12
26,Gabriel Pereira,Male,15,Urban,greater than 3,living together,home,<15 min,<2 hours,0,no,yes,yes,no,yes,yes,yes,Low,Low,Very High,2,12,12,11,8,11,12,12
27,Gabriel Pereira,Male,15,Urban,greater than 3,living together,other,<15 min,<2 hours,0,no,no,yes,no,yes,yes,yes,Low,High,Very Low,4,15,16,15,0,11,11,11
28,Gabriel Pereira,Male,16,Urban,equal to 3,Apart,home,<15 min,2 to 5 hours,0,yes,yes,no,yes,yes,yes,yes,Medium,Medium,Very High,4,11,11,11,2,12,12,13
29,Gabriel Pereira,Male,16,Urban,greater than 3,living together,home,<15 min,2 to 5 hours,0,no,yes,yes,yes,yes,yes,yes,High,Very High,Very High,16,10,12,11,4,12,11,12
30,Gabriel Pereira,Male,15,Urban,greater than 3,living together,home,<15 min,2 to 5 hours,0,no,yes,yes,no,no,yes,yes,High,Low,Very High,0,9,11,12,0,10,11,11
31,Gabriel Pereira,Male,15,Urban,greater than 3,living together,reputation,15 to 30 min.,2 to 5 hours,0,no,yes,no,yes,yes,yes,yes,Medium,Very Low,Very High,0,17,16,17,2,15,15,15
32,Gabriel Pereira,Male,15,Rural,greater than 3,living together,course,<15 min,2 to 5 hours,0,no,yes,no,yes,yes,yes,yes,Very High,Low,Very High,0,17,16,16,0,13,14,15
33,Gabriel Pereira,Male,15,Urban,equal to 3,living together,course,<15 min,2 to 5 hours,0,no,no,no,yes,no,yes,yes,Medium,Low,Low,0,8,10,12,0,13,12,12
34,Gabriel Pereira,Male,16,Urban,greater than 3,living together,home,<15 min,<2 hours,0,no,yes,yes,no,no,yes,yes,High,Medium,Very High,0,12,14,15,4,12,12,12
35,Gabriel Pereira,Female,15,Urban,greater than 3,living together,other,15 to 30 min.,<2 hours,0,no,yes,no,yes,yes,yes,no,Very High,Very Low,Very High,0,8,7,6,4,11,11,11
36,Gabriel Pereira,Male,15,Urban,equal to 3,living together,home,<15 min,5 to 10 hours,0,no,yes,no,yes,yes,yes,yes,High,Medium,High,2,15,16,18,0,14,14,14
37,Gabriel Pereira,Male,16,Rural,greater than 3,Apart,reputation,15 to 30 min.,5 to 10 hours,0,no,yes,no,yes,yes,yes,yes,High,Medium,Very High,7,15,16,15,4,13,13,13
38,Gabriel Pereira,Female,15,Rural,greater than 3,living together,course,<15 min,5 to 10 hours,0,yes,yes,yes,yes,yes,yes,yes,Medium,Low,Very High,2,12,12,11,2,11,12,12
39,Gabriel Pereira,Female,15,Rural,greater than 3,living together,reputation,<15 min,<2 hours,0,yes,yes,yes,yes,yes,yes,no,Medium,Very Low,Low,8,14,13,13,8,14,13,12
40,Gabriel Pereira,Female,16,Urban,equal to 3,living together,home,15 to 30 min.,2 to 5 hours,1,no,yes,no,yes,no,yes,yes,Medium,Medium,Medium,25,7,10,11,16,11,11,10
41,Gabriel Pereira,Male,15,Urban,equal to 3,living together,home,<15 min,<2 hours,0,no,yes,no,no,no,yes,yes,High,Medium,Very High,8,12,12,12,8,10,11,11
42,Gabriel Pereira,Male,15,Urban,greater than 3,living together,course,<15 min,2 to 5 hours,0,no,yes,no,yes,yes,yes,yes,Medium,Medium,Very High,2,19,18,18,0,14,15,15
43,Gabriel Pereira,Male,15,Urban,greater than 3,living together,course,<15 min,<2 hours,0,yes,yes,no,no,yes,yes,yes,High,Very Low,Very Low,0,8,8,11,0,9,10,10
44,Gabriel Pereira,Female,16,Urban,equal to 3,living together,course,15 to 30 min.,2 to 5 hours,1,yes,no,no,yes,yes,yes,yes,Medium,Medium,Very High,14,10,10,9,14,10,11,11
45,Gabriel Pereira,Female,15,Urban,equal to 3,Apart,course,<15 min,2 to 5 hours,0,yes,yes,yes,yes,yes,yes,yes,Low,Low,Very High,8,8,8,6,4,10,11,11
46,Gabriel Pereira,Female,16,Urban,equal to 3,Apart,home,<15 min,2 to 5 hours,0,no,yes,no,no,yes,yes,yes,Medium,Very High,Medium,12,11,12,11,6,13,12,13
47,Gabriel Pereira,Male,16,Urban,greater than 3,living together,reputation,<15 min,  >10 hours,0,no,no,no,yes,yes,yes,yes,Low,Low,Low,4,19,19,20,2,17,17,17
48,Gabriel Pereira,Male,15,Urban,greater than 3,living together,home,<15 min,2 to 5 hours,0,no,yes,yes,no,yes,yes,no,Medium,Medium,Very High,2,15,15,14,4,11,12,13
49,Gabriel Pereira,Female,15,Urban,greater than 3,living together,other,<15 min,2 to 5 hours,1,yes,yes,no,yes,no,yes,yes,High,High,Medium,2,7,7,7,2,13,12,12
50,Gabriel Pereira,Female,16,Urban,equal to 3,living together,course,30 min. to 1 hour,2 to 5 hours,0,no,yes,yes,no,yes,yes,yes,Medium,Medium,High,2,12,13,13,0,14,13,13
51,Gabriel Pereira,Female,15,Urban,equal to 3,living together,other,<15 min,2 to 5 hours,0,no,yes,yes,no,yes,yes,yes,Medium,Medium,Very High,2,11,13,13,0,16,14,16
52,Gabriel Pereira,Male,15,Urban,equal to 3,Apart,other,15 to 30 min.,<2 hours,1,no,no,no,no,yes,yes,no,Very High,Very High,Very High,6,11,11,10,4,10,9,9
53,Gabriel Pereira,Female,15,Urban,greater than 3,living together,course,<15 min,<2 hours,0,yes,yes,yes,no,yes,yes,yes,Medium,High,Very High,0,8,10,11,0,13,12,12
54,Gabriel Pereira,Female,15,Urban,equal to 3,Apart,other,<15 min,<2 hours,0,no,no,yes,no,yes,yes,yes,Medium,High,Very Low,6,10,13,13,0,13,12,13
55,Gabriel Pereira,Female,16,Urban,greater than 3,Apart,other,<15 min,2 to 5 hours,0,no,no,yes,yes,yes,yes,yes,Medium,High,Low,8,8,9,10,2,12,13,12
56,Gabriel Pereira,Female,15,Urban,greater than 3,Apart,reputation,<15 min,2 to 5 hours,0,no,yes,yes,yes,yes,yes,yes,Medium,Low,Very Low,0,14,15,15,0,15,14,15
57,Gabriel Pereira,Male,15,Urban,greater than 3,living together,reputation,<15 min,2 to 5 hours,0,no,yes,no,yes,yes,yes,no,Low,Low,Very High,4,14,15,15,8,15,15,16
58,Gabriel Pereira,Male,15,Urban,equal to 3,living together,home,<15 min,2 to 5 hours,0,yes,yes,no,yes,yes,yes,yes,Medium,Low,Very High,2,9,10,9,0,14,13,14
59,Gabriel Pereira,Female,16,Urban,greater than 3,living together,course,<15 min,2 to 5 hours,0,no,yes,no,no,yes,yes,yes,Low,Medium,Very High,2,15,16,16,2,16,15,16
60,Gabriel Pereira,Female,16,Rural,greater than 3,living together,other,<15 min,2 to 5 hours,0,no,yes,no,yes,yes,yes,no,High,High,High,6,10,11,11,0,17,16,16
61,Gabriel Pereira,Female,16,Urban,greater than 3,living together,course, >1 hour,<2 hours,0,yes,yes,no,yes,no,yes,yes,Very High,Very High,Very High,6,10,8,11,0,10,10,16
62,Gabriel Pereira,Female,16,Urban,equal to 3,living together,reputation,<15 min,2 to 5 hours,0,yes,no,no,yes,yes,yes,yes,High,Medium,Very Low,4,8,10,9,0,13,13,10
63,Gabriel Pereira,Female,16,Urban,greater than 3,living together,home,<15 min,5 to 10 hours,0,yes,yes,yes,yes,yes,yes,yes,High,High,High,2,10,9,9,0,14,13,13
64,Gabriel Pereira,Female,15,Urban,equal to 3,living together,reputation,<15 min,2 to 5 hours,0,yes,no,no,yes,yes,yes,yes,High,High,Low,0,10,10,10,0,13,12,12
65,Gabriel Pereira,Female,16,Urban,equal to 3,living together,course,30 min. to 1 hour,2 to 5 hours,0,no,yes,no,yes,yes,yes,yes,High,Medium,Very Low,2,16,15,15,2,16,15,16
66,Gabriel Pereira,Male,15,Urban,greater than 3,Apart,reputation,<15 min,  >10 hours,0,no,yes,no,yes,no,yes,yes,Medium,Medium,Medium,4,13,13,12,0,11,12,12
67,Gabriel Pereira,Female,16,Urban,greater than 3,living together,course,<15 min,  >10 hours,0,yes,yes,yes,no,yes,yes,yes,Medium,Medium,Very High,4,7,7,6,0,10,9,10
68,Gabriel Pereira,Female,15,Rural,equal to 3,living together,reputation,15 to 30 min.,2 to 5 hours,0,yes,yes,yes,no,yes,yes,yes,Very Low,Medium,High,2,8,9,8,0,11,10,11
69,Gabriel Pereira,Female,15,Rural,equal to 3,living together,reputation,15 to 30 min.,  >10 hours,0,no,yes,no,no,no,yes,yes,High,Low,Medium,12,16,16,16,6,15,15,15
70,Gabriel Pereira,Male,16,Urban,greater than 3,living together,reputation,15 to 30 min.,  >10 hours,0,no,yes,yes,no,yes,yes,yes,Medium,Low,Very High,0,13,15,15,2,13,11,11
71,Gabriel Pereira,Male,15,Urban,greater than 3,living together,course,<15 min,  >10 hours,0,no,no,no,no,yes,yes,yes,Medium,Medium,Medium,0,10,10,10,0,11,9,10
72,Gabriel Pereira,Female,15,Rural,greater than 3,living together,reputation,<15 min,2 to 5 hours,2,yes,yes,no,no,no,yes,yes,Medium,High,Very High,2,8,6,5,2,13,11,11
73,Gabriel Pereira,Male,16,Urban,greater than 3,living together,reputation,<15 min,<2 hours,0,no,no,no,yes,yes,yes,no,Medium,Low,Very High,2,12,12,14,0,13,13,14
74,Gabriel Pereira,Female,16,Urban,greater than 3,living together,home,<15 min,2 to 5 hours,0,yes,yes,yes,yes,yes,yes,yes,Medium,Medium,Very High,54,11,12,11,4,11,11,11
75,Gabriel Pereira,Male,15,Urban,greater than 3,living together,home,<15 min,2 to 5 hours,0,no,yes,yes,yes,yes,yes,yes,Medium,Medium,Very High,6,9,9,10,0,11,11,11
76,Gabriel Pereira,Male,15,Urban,greater than 3,living together,course,15 to 30 min.,  >10 hours,0,no,no,no,yes,yes,yes,yes,High,Medium,Very Low,8,11,11,10,0,12,11,11
77,Gabriel Pereira,Female,16,Urban,greater than 3,living together,reputation,<15 min,  >10 hours,0,no,no,yes,no,yes,yes,yes,Low,Medium,Medium,0,11,11,11,1,13,13,13
78,Gabriel Pereira,Male,17,Urban,greater than 3,living together,home,15 to 30 min.,<2 hours,3,yes,yes,no,yes,yes,no,yes,Very High,Very Low,Medium,2,8,8,10,0,9,9,10
79,Gabriel Pereira,Female,16,Urban,greater than 3,living together,course,<15 min,2 to 5 hours,0,no,yes,no,no,yes,yes,yes,High,Medium,Medium,12,5,5,5,14,12,11,11
80,Gabriel Pereira,Male,15,Urban,greater than 3,living together,course,<15 min,<2 hours,0,yes,yes,yes,yes,no,yes,yes,Low,Low,Medium,2,10,12,12,0,11,11,12
81,Gabriel Pereira,Male,15,Urban,greater than 3,living together,home,<15 min,5 to 10 hours,0,yes,no,yes,no,no,yes,yes,Medium,Low,Very High,4,11,10,11,2,10,9,9
82,Gabriel Pereira,Female,15,Urban,equal to 3,living together,reputation,<15 min,2 to 5 hours,0,no,yes,yes,no,yes,yes,yes,High,High,Very High,10,7,6,6,4,12,11,11
83,Gabriel Pereira,Male,15,Urban,equal to 3,living together,home,15 to 30 min.,2 to 5 hours,0,no,no,yes,yes,yes,yes,yes,Medium,Medium,High,4,15,15,15,2,13,12,13
84,Gabriel Pereira,Female,15,Urban,greater than 3,living together,home,<15 min,2 to 5 hours,0,no,yes,no,yes,no,yes,yes,Medium,Low,High,2,9,10,10,2,13,12,12
85,Gabriel Pereira,Female,15,Urban,greater than 3,living together,reputation,15 to 30 min.,2 to 5 hours,2,no,no,yes,no,yes,yes,yes,High,High,Very High,6,7,9,8,4,12,11,12
86,Gabriel Pereira,Female,16,Urban,equal to 3,living together,course,<15 min,2 to 5 hours,0,no,yes,no,no,yes,yes,no,Medium,High,Low,4,8,7,6,6,13,11,11
87,Gabriel Pereira,Female,15,Urban,greater than 3,living together,reputation,<15 min,5 to 10 hours,0,no,yes,no,yes,yes,yes,yes,Medium,Medium,Very Low,4,13,14,14,4,15,15,15
88,Gabriel Pereira,Male,16,Urban,greater than 3,living together,reputation,15 to 30 min.,2 to 5 hours,1,no,no,yes,yes,no,yes,yes,High,Low,Medium,12,11,10,10,6,12,10,11
89,Gabriel Pereira,Male,16,Urban,equal to 3,Apart,reputation,<15 min,2 to 5 hours,0,no,yes,no,no,yes,yes,no,Very Low,Medium,Very High,18,8,6,7,6,9,9,10
90,Gabriel Pereira,Female,16,Urban,greater than 3,living together,home,<15 min,5 to 10 hours,0,no,yes,yes,no,yes,yes,yes,Medium,Medium,High,0,7,7,8,2,9,11,11
91,Gabriel Pereira,Female,15,Urban,greater than 3,living together,reputation,<15 min,<2 hours,0,no,no,yes,yes,yes,yes,yes,Very High,Very High,Very Low,4,16,17,18,6,14,13,13
92,Gabriel Pereira,Female,16,Urban,equal to 3,living together,home,<15 min,2 to 5 hours,0,yes,yes,no,no,yes,yes,no,Medium,Medium,Low,4,7,6,6,0,12,13,12
93,Gabriel Pereira,Female,16,Urban,greater than 3,living together,home,15 to 30 min.,2 to 5 hours,0,no,yes,yes,yes,yes,yes,yes,Medium,Medium,Very Low,0,11,10,10,2,13,14,14
94,Gabriel Pereira,Male,15,Urban,equal to 3,living together,reputation,<15 min,  >10 hours,0,no,yes,no,yes,yes,yes,yes,Medium,High,High,6,11,13,14,2,11,12,12
95,Gabriel Pereira,Female,15,Rural,greater than 3,living together,home,15 to 30 min.,  >10 hours,1,yes,yes,yes,yes,yes,yes,yes,Very Low,Low,Very Low,2,7,10,10,4,13,13,13
96,Gabriel Pereira,Male,16,Rural,greater than 3,living together,reputation,15 to 30 min.,<2 hours,0,yes,yes,no,yes,no,yes,yes,Medium,Medium,High,2,11,15,15,6,9,11,11
97,Gabriel Pereira,Female,16,Urban,greater than 3,living together,course,<15 min,2 to 5 hours,0,no,yes,yes,no,yes,yes,no,Medium,Very High,Very High,2,8,9,10,0,13,12,12
98,Gabriel Pereira,Female,16,Urban,greater than 3,living together,reputation,<15 min,<2 hours,0,no,no,no,yes,no,yes,yes,Medium,High,Very Low,6,11,14,14,4,12,13,13
99,Gabriel Pereira,Female,16,Urban,greater than 3,living together,course,<15 min,5 to 10 hours,0,yes,yes,yes,no,yes,yes,yes,Medium,Very High,Medium,0,7,9,8,2,12,13,13
100,Gabriel Pereira,Male,16,Urban,greater than 3,living together,other,<15 min,<2 hours,0,yes,yes,yes,yes,yes,yes,yes,Very High,Very High,High,14,7,7,5,12,9,9,8
101,Gabriel Pereira,Male,16,Urban,greater than 3,living together,other,<15 min,5 to 10 hours,0,no,yes,no,yes,yes,yes,yes,High,Medium,High,0,16,17,17,0,16,16,16
102,Gabriel Pereira,Male,15,Urban,greater than 3,living together,course,<15 min,<2 hours,0,no,yes,no,yes,no,yes,yes,Medium,Medium,Very High,4,10,13,14,2,12,13,12
103,Gabriel Pereira,Female,15,Urban,greater than 3,living together,home,15 to 30 min.,2 to 5 hours,0,yes,yes,yes,no,yes,yes,yes,Medium,Very High,Low,26,7,6,6,16,11,10,10
104,Gabriel Pereira,Male,15,Urban,greater than 3,Apart,course,<15 min,2 to 5 hours,0,no,yes,yes,yes,yes,yes,yes,High,High,Very Low,0,16,18,18,0,16,16,16
105,Gabriel Pereira,Female,15,Urban,greater than 3,Apart,reputation,<15 min,  >10 hours,0,yes,no,no,no,yes,yes,no,Medium,Medium,High,10,10,11,11,10,10,10,10
106,Gabriel Pereira,Female,15,Urban,greater than 3,living together,course,<15 min,  >10 hours,0,yes,yes,yes,no,yes,yes,yes,Very Low,Low,Medium,8,7,8,8,4,10,10,10
107,Gabriel Pereira,Male,16,Urban,greater than 3,living together,home,<15 min,5 to 10 hours,0,no,yes,no,yes,yes,yes,yes,Medium,Medium,Very High,2,16,18,18,4,13,14,14
108,Gabriel Pereira,Male,15,Rural,greater than 3,living together,home, >1 hour,  >10 hours,0,no,yes,yes,yes,yes,yes,yes,Medium,Very High,Very Low,6,10,13,13,8,12,10,11
109,Gabriel Pereira,Female,16,Urban,equal to 3,living together,other,<15 min,5 to 10 hours,0,no,yes,yes,yes,yes,yes,yes,High,Very High,High,4,14,15,16,2,15,15,14
110,Gabriel Pereira,Male,15,Urban,equal to 3,Apart,course,<15 min,<2 hours,0,no,no,no,yes,yes,yes,yes,Very High,Medium,High,6,18,19,19,4,13,14,14
111,Gabriel Pereira,Female,16,Rural,greater than 3,living together,reputation,<15 min,5 to 10 hours,1,yes,yes,no,yes,yes,yes,yes,Very Low,Low,Low,0,7,10,10,4,11,11,11
112,Gabriel Pereira,Female,16,Urban,greater than 3,living together,home,<15 min,2 to 5 hours,1,yes,no,no,yes,yes,yes,yes,Very Low,Low,Very High,6,10,13,13,12,8,10,10
113,Gabriel Pereira,Male,15,Urban,equal to 3,living together,course,<15 min,<2 hours,0,no,no,no,no,yes,yes,yes,Very High,Low,Medium,10,18,19,19,10,18,17,18
114,Gabriel Pereira,Male,15,Rural,greater than 3,living together,reputation,<15 min,2 to 5 hours,0,no,no,no,yes,yes,yes,yes,High,Low,Very High,8,9,9,9,4,10,9,10
115,Gabriel Pereira,Male,16,Urban,greater than 3,living together,course,<15 min,2 to 5 hours,0,no,yes,no,yes,yes,yes,yes,High,High,Very High,2,15,15,16,6,16,14,14
116,Gabriel Pereira,Male,15,Urban,greater than 3,living together,reputation,15 to 30 min.,2 to 5 hours,0,no,yes,no,yes,yes,yes,no,High,Medium,Low,2,11,13,14,4,16,15,16
117,Gabriel Pereira,Male,16,Urban,greater than 3,living together,home,15 to 30 min.,<2 hours,0,no,no,no,yes,yes,yes,yes,High,Low,Very High,0,13,14,13,6,14,14,15
118,Gabriel Pereira,Male,17,Rural,greater than 3,living together,course,30 min. to 1 hour,2 to 5 hours,1,no,yes,no,yes,yes,yes,yes,Low,High,Very High,20,9,7,8,14,12,11,11
119,Gabriel Pereira,Male,15,Urban,greater than 3,living together,reputation,<15 min,<2 hours,0,no,no,no,no,yes,yes,yes,High,Medium,High,6,14,13,13,2,14,13,14
120,Gabriel Pereira,Female,15,Urban,greater than 3,living together,course,<15 min,2 to 5 hours,0,no,no,no,no,no,yes,yes,Low,Medium,Very Low,2,16,15,15,0,14,14,14
121,Gabriel Pereira,Male,15,Urban,greater than 3,living together,home,<15 min,  >10 hours,0,no,yes,yes,yes,yes,yes,yes,Very High,High,Very High,6,16,14,15,6,14,13,13
122,Gabriel Pereira,Female,16,Urban,equal to 3,living together,course,15 to 30 min.,2 to 5 hours,0,no,yes,yes,yes,yes,yes,yes,Low,Low,Very High,2,13,13,13,2,14,12,13
123,Gabriel Pereira,Male,16,Urban,greater than 3,living together,course,<15 min,<2 hours,0,no,yes,no,yes,yes,yes,yes,High,High,Very High,18,14,11,13,4,12,13,13
124,Gabriel Pereira,Female,16,Urban,greater than 3,living together,home,<15 min,2 to 5 hours,0,no,no,yes,no,yes,yes,yes,High,High,Very High,0,8,7,8,0,12,11,11
125,Gabriel Pereira,Male,15,Urban,greater than 3,living together,home,<15 min,<2 hours,0,yes,no,no,no,yes,yes,yes,Very High,Very High,Very High,0,13,13,12,2,9,9,9
126,Gabriel Pereira,Female,15,Urban,equal to 3,Apart,home,<15 min,2 to 5 hours,0,yes,no,no,yes,yes,yes,yes,Medium,Low,Very Low,0,7,10,11,0,10,11,11
127,Gabriel Pereira,Female,19,Urban,greater than 3,living together,course,<15 min,2 to 5 hours,3,no,yes,no,no,no,no,no,High,Low,Very High,2,7,8,9,0,9,10,11
128,Gabriel Pereira,Male,18,Rural,greater than 3,living together,reputation,<15 min,<2 hours,2,no,yes,no,yes,yes,yes,yes,Medium,Medium,High,0,7,4,0,8,14,14,15
129,Gabriel Pereira,Male,16,Rural,greater than 3,living together,course,<15 min,<2 hours,0,no,no,yes,yes,yes,yes,yes,Very High,Very High,High,8,18,18,18,4,13,12,13
130,Gabriel Pereira,Female,15,Rural,greater than 3,living together,course,15 to 30 min.,5 to 10 hours,2,no,yes,no,no,yes,yes,yes,Low,Low,Very High,0,12,0,0,0,10,11,12
131,Gabriel Pereira,Female,15,Urban,greater than 3,living together,course,30 min. to 1 hour,<2 hours,0,no,yes,no,yes,no,yes,yes,Medium,Medium,High,0,8,0,0,10,10,9,8
132,Gabriel Pereira,Female,17,Urban,equal to 3,living together,course,<15 min,<2 hours,0,no,yes,no,no,yes,yes,yes,High,High,Very High,12,10,13,12,8,11,10,11
133,Gabriel Pereira,Female,16,Urban,greater than 3,Apart,course,<15 min,<2 hours,0,no,no,no,no,yes,yes,yes,Low,Very Low,Very High,16,12,11,11,6,11,12,13
134,Gabriel Pereira,Male,15,Rural,greater than 3,living together,course, >1 hour,2 to 5 hours,0,no,yes,no,no,yes,yes,no,Medium,Medium,Very High,0,9,0,0,2,13,12,12
135,Gabriel Pereira,Female,15,Urban,greater than 3,living together,course,<15 min,5 to 10 hours,0,no,yes,no,yes,yes,yes,yes,Medium,Medium,Very High,0,11,0,0,12,15,13,14
136,Gabriel Pereira,Male,17,Rural,greater than 3,living together,course,30 min. to 1 hour,2 to 5 hours,0,no,no,no,no,yes,yes,no,High,Very High,Very High,0,10,0,0,4,9,9,11
137,Gabriel Pereira,Female,16,Urban,greater than 3,Apart,course,15 to 30 min.,<2 hours,2,no,yes,no,yes,no,yes,yes,Medium,Low,Very High,0,4,0,0,12,13,11,11
138,Gabriel Pereira,Male,16,Urban,equal to 3,living together,course,<15 min,2 to 5 hours,1,no,no,no,no,yes,yes,no,High,High,Very High,0,14,12,12,2,12,11,11
139,Gabriel Pereira,Female,15,Urban,greater than 3,living together,course,15 to 30 min.,<2 hours,0,no,no,no,yes,yes,yes,yes,Medium,Low,Very High,0,16,16,15,4,13,14,15
140,Gabriel Pereira,Male,15,Urban,greater than 3,living together,course,15 to 30 min.,  >10 hours,0,yes,yes,no,no,yes,yes,yes,Low,Low,Medium,0,7,9,0,2,10,9,10
141,Gabriel Pereira,Male,16,Urban,equal to 3,living together,reputation,15 to 30 min.,<2 hours,2,no,yes,no,yes,yes,yes,yes,Medium,Medium,Low,8,9,9,9,0,14,13,13
142,Gabriel Pereira,Female,15,Urban,greater than 3,living together,course,<15 min,5 to 10 hours,0,no,yes,yes,yes,yes,yes,yes,Low,Low,Very High,2,9,11,11,2,11,11,12
143,Gabriel Pereira,Female,16,Urban,equal to 3,living together,course,<15 min,<2 hours,0,no,no,no,no,yes,yes,yes,High,High,Very Low,2,14,14,13,10,12,11,11
144,Gabriel Pereira,Male,17,Urban,greater than 3,living together,home,<15 min,<2 hours,3,no,yes,no,no,yes,yes,yes,High,Very High,Very High,0,5,0,0,8,12,11,11
145,Gabriel Pereira,Female,15,Urban,greater than 3,living together,course,<15 min,2 to 5 hours,0,no,yes,yes,no,yes,yes,yes,High,Low,Very High,0,8,11,11,4,9,9,10
146,Gabriel Pereira,Female,15,Urban,greater than 3,living together,home,<15 min,2 to 5 hours,3,no,yes,no,no,yes,yes,yes,Medium,Low,Medium,0,6,7,0,0,10,10,10
147,Gabriel Pereira,Female,15,Urban,greater than 3,living together,course,<15 min,2 to 5 hours,0,no,yes,yes,no,no,yes,yes,Medium,Low,Very High,2,10,11,11,6,13,14,14
148,Gabriel Pereira,Male,16,Urban,greater than 3,living together,course,<15 min,<2 hours,0,no,yes,no,no,yes,no,yes,Medium,Low,Very High,0,7,6,0,2,8,9,9
149,Gabriel Pereira,Male,15,Urban,equal to 3,Apart,course, >1 hour,<2 hours,3,no,no,no,no,yes,yes,yes,Very High,Very High,Very High,0,8,9,10,6,9,11,11
150,Gabriel Pereira,Male,18,Urban,equal to 3,living together,course,<15 min,<2 hours,3,no,no,no,no,yes,no,yes,Medium,Very High,High,0,6,5,0,24,9,8,9
151,Gabriel Pereira,Male,16,Urban,equal to 3,living together,course,<15 min,<2 hours,1,no,no,no,yes,yes,yes,no,High,High,Very High,6,12,13,14,0,15,13,13
152,Gabriel Pereira,Female,15,Rural,greater than 3,living together,reputation,15 to 30 min.,5 to 10 hours,2,no,yes,yes,yes,yes,yes,yes,Low,Very Low,Medium,8,10,10,10,4,12,11,11
153,Gabriel Pereira,Male,19,Urban,greater than 3,living together,home,<15 min,<2 hours,3,no,yes,no,no,yes,no,yes,Very High,High,High,0,5,0,0,2,13,13,13
154,Gabriel Pereira,Female,17,Urban,greater than 3,living together,course,<15 min,<2 hours,0,yes,yes,no,no,yes,yes,no,Low,Very Low,High,0,11,11,12,4,10,11,11
155,Gabriel Pereira,Male,15,Rural,greater than 3,living together,course,<15 min,2 to 5 hours,0,yes,no,yes,yes,yes,yes,no,High,High,Very Low,2,11,8,8,22,9,7,6
156,Gabriel Pereira,Male,17,Rural,equal to 3,living together,reputation,<15 min,<2 hours,0,no,no,no,no,yes,yes,no,Low,Low,Very High,8,16,12,13,0,12,12,12
157,Gabriel Pereira,Female,18,Rural,greater than 3,living together,course,30 min. to 1 hour,<2 hours,3,no,yes,no,yes,no,yes,no,Low,Very High,High,6,9,8,10,0,11,10,10
158,Gabriel Pereira,Male,16,Rural,greater than 3,living together,course,30 min. to 1 hour,<2 hours,0,no,no,no,no,no,yes,no,Low,Low,Medium,2,17,15,15,2,11,11,11
159,Gabriel Pereira,Male,16,Urban,greater than 3,living together,course,<15 min,2 to 5 hours,1,no,yes,yes,no,yes,yes,yes,Very High,Very High,Very High,4,10,12,12,6,13,12,13
160,Gabriel Pereira,Male,17,Rural,equal to 3,living together,course,15 to 30 min.,<2 hours,2,no,no,no,yes,yes,no,yes,Medium,Low,Very High,0,7,6,0,6,11,11,11
161,Gabriel Pereira,Male,15,Rural,greater than 3,living together,course,15 to 30 min.,2 to 5 hours,2,yes,yes,no,no,yes,yes,yes,High,High,Medium,6,5,9,7,16,9,9,8
162,Gabriel Pereira,Male,16,Urban,equal to 3,living together,course,15 to 30 min.,<2 hours,1,no,no,no,yes,yes,yes,no,High,High,Very High,0,7,0,0,0,12,11,11
163,Gabriel Pereira,Male,17,Urban,greater than 3,living together,course,<15 min,<2 hours,0,no,no,no,no,yes,no,yes,Medium,Medium,Low,2,10,10,10,0,11,9,0
164,Gabriel Pereira,Male,17,Rural,equal to 3,living together,course, >1 hour,2 to 5 hours,3,no,no,no,yes,yes,no,no,Medium,Very High,Very High,0,5,8,7,6,9,10,10
165,Gabriel Pereira,Male,16,Urban,greater than 3,living together,course,15 to 30 min.,<2 hours,1,no,yes,no,yes,no,no,no,Very High,Low,Low,16,12,11,12,2,13,13,13
166,Gabriel Pereira,Male,16,Urban,greater than 3,living together,course,<15 min,2 to 5 hours,0,no,no,no,no,yes,no,yes,Medium,Very High,High,4,10,10,10,6,11,9,11
167,Gabriel Pereira,Female,16,Urban,greater than 3,living together,home,<15 min,2 to 5 hours,0,no,no,yes,no,yes,yes,yes,Low,Medium,Medium,0,14,15,16,0,13,13,13
168,Gabriel Pereira,Female,16,Urban,greater than 3,living together,home,<15 min,2 to 5 hours,0,no,yes,yes,no,no,yes,yes,Very Low,Very High,High,0,6,7,0,0,7,8,8
169,Gabriel Pereira,Female,16,Urban,greater than 3,living together,reputation,<15 min,2 to 5 hours,0,no,yes,yes,no,yes,yes,yes,High,Low,Medium,0,14,14,14,14,9,8,10
170,Gabriel Pereira,Male,16,Urban,greater than 3,living together,course,30 min. to 1 hour,<2 hours,2,no,yes,no,yes,no,yes,yes,High,Very High,Low,0,6,5,0,6,11,10,11
171,Gabriel Pereira,Male,16,Urban,greater than 3,living together,reputation,15 to 30 min.,2 to 5 hours,0,no,yes,yes,yes,yes,yes,yes,Medium,Low,Medium,2,13,15,16,4,12,10,11
172,Gabriel Pereira,Male,17,Urban,equal to 3,living together,reputation,<15 min,2 to 5 hours,0,no,yes,yes,yes,yes,yes,yes,High,High,Very High,0,13,11,10,0,10,10,1
173,Gabriel Pereira,Female,16,Urban,greater than 3,living together,home,<15 min,2 to 5 hours,3,no,no,no,yes,no,yes,yes,Medium,Very High,Medium,0,8,7,0,0,9,8,10
174,Gabriel Pereira,Female,16,Urban,equal to 3,living together,reputation,15 to 30 min.,2 to 5 hours,0,no,yes,yes,yes,yes,yes,yes,High,Very High,High,4,10,11,9,8,8,8,9
175,Gabriel Pereira,Male,17,Urban,equal to 3,living together,course,15 to 30 min.,2 to 5 hours,0,no,no,yes,yes,yes,yes,yes,High,High,High,4,10,9,9,4,7,6,8
176,Gabriel Pereira,Female,16,Urban,greater than 3,living together,reputation,15 to 30 min.,2 to 5 hours,0,no,no,yes,yes,no,yes,yes,High,High,Very High,2,13,13,11,2,8,9,10
177,Gabriel Pereira,Male,17,Urban,greater than 3,living together,reputation,<15 min,2 to 5 hours,0,no,no,no,yes,no,yes,yes,Medium,High,High,4,6,5,6,2,9,8,8
178,Gabriel Pereira,Male,16,Rural,greater than 3,living together,other,<15 min,<2 hours,0,no,yes,no,yes,yes,yes,yes,Medium,Medium,Medium,10,10,8,9,0,8,8,8
179,Gabriel Pereira,Male,17,Urban,greater than 3,living together,course,<15 min,2 to 5 hours,0,no,yes,no,yes,yes,yes,yes,Low,Medium,Low,4,10,10,11,10,8,7,8
180,Gabriel Pereira,Male,16,Urban,greater than 3,living together,home,<15 min,2 to 5 hours,0,no,yes,yes,yes,yes,yes,yes,High,Medium,Medium,10,9,8,8,0,9,10,11
181,Gabriel Pereira,Male,16,Urban,greater than 3,living together,home,<15 min,2 to 5 hours,0,no,no,yes,yes,yes,yes,yes,Low,Medium,Medium,2,12,13,12,0,17,17,18
182,Gabriel Pereira,Female,17,Urban,greater than 3,living together,reputation,<15 min,2 to 5 hours,0,no,yes,no,yes,yes,yes,no,High,Low,Very High,0,16,17,17,0,12,12,13
183,Gabriel Pereira,Female,17,Urban,equal to 3,living together,reputation,<15 min,2 to 5 hours,0,no,yes,no,yes,yes,yes,yes,Medium,Medium,Very Low,56,9,9,8,0,16,16,17
184,Gabriel Pereira,Female,16,Urban,greater than 3,living together,reputation,<15 min,2 to 5 hours,0,no,yes,yes,no,yes,yes,yes,Low,Low,Very Low,14,12,13,12,4,9,9,10
185,Gabriel Pereira,Male,17,Urban,greater than 3,living together,other,<15 min,2 to 5 hours,0,no,yes,no,yes,yes,yes,yes,Medium,High,High,12,12,12,11,0,16,17,18
186,Gabriel Pereira,Male,16,Urban,greater than 3,living together,other,<15 min,<2 hours,0,no,yes,yes,yes,yes,yes,yes,Medium,Medium,Medium,2,11,12,11,0,11,9,10
187,Gabriel Pereira,Male,16,Urban,equal to 3,living together,course,<15 min,2 to 5 hours,0,no,no,yes,yes,yes,yes,yes,Low,Medium,Very High,0,15,15,15,0,14,13,13
188,Gabriel Pereira,Female,17,Urban,greater than 3,Apart,reputation,<15 min,2 to 5 hours,0,no,yes,no,no,no,yes,yes,Medium,Medium,Medium,6,8,7,9,0,14,14,15
189,Gabriel Pereira,Male,17,Rural,greater than 3,living together,home,<15 min,2 to 5 hours,0,no,no,no,no,yes,yes,no,Very Low,Medium,Medium,4,8,9,10,0,10,11,11
190,Gabriel Pereira,Female,16,Urban,greater than 3,living together,course,<15 min,2 to 5 hours,0,no,no,no,no,yes,yes,yes,Medium,Medium,Low,10,11,12,13,0,13,12,14
191,Gabriel Pereira,Female,17,Urban,greater than 3,living together,course,<15 min,2 to 5 hours,0,no,no,no,yes,yes,yes,yes,Medium,Medium,Medium,0,8,8,9,4,11,9,10
192,Gabriel Pereira,Male,17,Urban,greater than 3,living together,other,15 to 30 min.,2 to 5 hours,0,no,no,yes,yes,no,yes,yes,High,High,Very High,12,7,8,8,8,10,9,11
193,Gabriel Pereira,Male,16,Rural,greater than 3,living together,reputation,<15 min,<2 hours,0,no,yes,no,yes,yes,yes,yes,Medium,Low,Very High,8,8,9,10,4,11,11,13
194,Gabriel Pereira,Male,16,Urban,greater than 3,living together,home,15 to 30 min.,<2 hours,0,no,no,no,no,yes,yes,yes,Medium,Medium,Medium,0,13,14,14,4,11,10,11
195,Gabriel Pereira,Female,17,Urban,equal to 3,living together,course,<15 min,2 to 5 hours,0,no,no,no,yes,yes,yes,yes,Medium,Low,Very High,0,14,15,15,0,11,12,13
196,Gabriel Pereira,Male,17,Urban,greater than 3,living together,home,<15 min,<2 hours,0,no,no,no,no,yes,yes,yes,Low,Medium,Very High,4,17,15,16,0,17,18,17
197,Gabriel Pereira,Male,16,Rural,equal to 3,living together,home,30 min. to 1 hour,<2 hours,0,no,yes,yes,yes,yes,yes,yes,Medium,High,Medium,8,9,9,10,32,14,13,14
198,Gabriel Pereira,Female,17,Urban,greater than 3,living together,home,15 to 30 min.,<2 hours,1,no,yes,no,no,yes,yes,yes,Low,High,Low,24,18,18,18,8,14,15,16
199,Gabriel Pereira,Female,16,Urban,equal to 3,living together,reputation,<15 min,2 to 5 hours,0,no,yes,yes,no,yes,yes,yes,Very High,Low,Medium,0,9,9,10,6,11,13,14
200,Gabriel Pereira,Female,16,Urban,greater than 3,living together,home,<15 min,2 to 5 hours,0,no,yes,no,yes,yes,yes,yes,Medium,Very High,Low,2,16,16,16,0,10,9,11
201,Gabriel Pereira,Female,16,Urban,greater than 3,living together,reputation,<15 min,2 to 5 hours,0,yes,yes,yes,yes,yes,yes,no,High,Medium,High,6,8,10,10,0,13,14,16
202,Gabriel Pereira,Female,17,Urban,greater than 3,living together,course,<15 min,2 to 5 hours,0,no,yes,yes,no,no,yes,no,High,High,Very Low,4,9,9,10,10,12,13,14
203,Gabriel Pereira,Female,17,Rural,greater than 3,living together,reputation,<15 min,<2 hours,0,no,yes,no,no,yes,yes,yes,Medium,Low,Medium,18,7,6,6,6,9,9,10
204,Gabriel Pereira,Female,16,Rural,greater than 3,living together,reputation,15 to 30 min.,  >10 hours,0,no,yes,yes,yes,no,yes,yes,Medium,Very High,Very High,6,10,10,11,6,12,12,13
205,Gabriel Pereira,Female,17,Urban,greater than 3,living together,home,<15 min,5 to 10 hours,1,no,yes,yes,no,yes,yes,yes,High,Medium,Very High,28,10,9,9,0,12,11,12
206,Gabriel Pereira,Female,16,Urban,greater than 3,Apart,course,<15 min,2 to 5 hours,3,no,yes,yes,no,yes,yes,yes,Medium,Medium,High,5,7,7,7,16,10,11,12
207,Gabriel Pereira,Female,16,Urban,greater than 3,living together,other,<15 min,2 to 5 hours,0,no,no,yes,yes,yes,yes,yes,Medium,Low,Very Low,10,11,12,13,0,11,10,10
208,Gabriel Pereira,Female,16,Urban,greater than 3,living together,home,15 to 30 min.,<2 hours,0,no,yes,yes,no,yes,yes,no,Medium,Low,Very High,6,9,9,10,0,13,12,12
209,Gabriel Pereira,Female,17,Rural,greater than 3,living together,reputation,15 to 30 min.,5 to 10 hours,0,no,yes,yes,yes,yes,yes,yes,High,Low,High,6,7,7,7,8,14,15,16
210,Gabriel Pereira,Female,19,Urban,greater than 3,living together,reputation,<15 min,  >10 hours,0,no,yes,yes,yes,yes,yes,yes,Medium,Medium,Medium,10,8,8,8,4,13,13,14
211,Gabriel Pereira,Male,17,Urban,equal to 3,living together,home,<15 min,2 to 5 hours,0,no,yes,yes,no,yes,yes,yes,Medium,Very High,Medium,13,12,12,13,16,10,11,12
212,Gabriel Pereira,Female,16,Urban,greater than 3,Apart,reputation,<15 min,2 to 5 hours,0,yes,yes,yes,no,yes,yes,yes,Medium,High,High,0,12,13,14,30,14,15,16
213,Gabriel Pereira,Male,18,Urban,greater than 3,living together,home,<15 min,2 to 5 hours,1,no,yes,yes,yes,yes,yes,yes,High,High,Very High,15,6,7,8,0,11,10,11
214,Gabriel Pereira,Female,17,Rural,equal to 3,living together,other,<15 min,<2 hours,0,no,yes,yes,no,yes,yes,no,Low,Very Low,Medium,12,8,10,10,2,14,14,15
215,Gabriel Pereira,Female,17,Urban,equal to 3,living together,reputation,15 to 30 min.,2 to 5 hours,0,no,no,yes,no,yes,yes,yes,High,High,Very Low,2,14,15,15,4,11,12,12
216,Gabriel Pereira,Female,17,Urban,greater than 3,living together,reputation,<15 min,2 to 5 hours,2,no,no,yes,no,yes,yes,yes,High,Very High,Very Low,22,6,6,4,0,14,15,15
217,Gabriel Pereira,Male,18,Urban,equal to 3,living together,home,<15 min,2 to 5 hours,1,no,yes,yes,no,yes,yes,yes,Low,High,High,13,6,6,8,21,13,13,13
218,Gabriel Pereira,Female,17,Urban,greater than 3,living together,home,15 to 30 min.,<2 hours,0,no,yes,yes,no,yes,yes,no,Medium,Medium,Medium,3,7,7,8,6,13,13,13
219,Gabriel Pereira,Female,17,Urban,greater than 3,living together,course,<15 min,5 to 10 hours,0,no,yes,yes,yes,yes,yes,yes,Medium,Medium,High,4,9,10,10,14,8,9,8
220,Gabriel Pereira,Female,17,Rural,greater than 3,living together,reputation,15 to 30 min.,2 to 5 hours,0,no,yes,no,yes,yes,yes,yes,Low,Very High,Very High,2,6,6,6,2,11,11,12
221,Gabriel Pereira,Female,17,Urban,greater than 3,living together,reputation,<15 min,5 to 10 hours,1,no,yes,no,yes,yes,yes,no,Medium,High,Very High,0,6,5,0,4,14,15,15
222,Gabriel Pereira,Female,16,Urban,greater than 3,living together,other,<15 min,2 to 5 hours,0,yes,no,no,no,yes,yes,yes,Medium,Very Low,Medium,2,16,16,17,2,12,13,13
223,Gabriel Pereira,Male,18,Urban,greater than 3,living together,home,15 to 30 min.,2 to 5 hours,0,no,yes,yes,no,yes,yes,yes,Medium,Medium,High,0,12,13,13,0,11,12,12
224,Gabriel Pereira,Female,16,Urban,greater than 3,living together,home,<15 min,5 to 10 hours,0,no,yes,no,yes,no,yes,yes,Medium,Low,Very High,0,13,13,14,4,12,12,12
225,Gabriel Pereira,Female,18,Rural,greater than 3,living together,reputation,<15 min,2 to 5 hours,1,no,no,no,yes,yes,yes,yes,Medium,Medium,High,16,9,8,7,15,13,12,12
226,Gabriel Pereira,Female,17,Urban,greater than 3,living together,course,<15 min,2 to 5 hours,0,no,no,no,yes,no,yes,yes,Medium,High,Medium,10,16,15,15,0,13,13,13
227,Gabriel Pereira,Male,17,Urban,equal to 3,living together,reputation,<15 min,2 to 5 hours,0,no,yes,yes,no,no,yes,yes,Medium,Medium,Medium,2,12,11,12,10,12,11,11
228,Gabriel Pereira,Male,18,Urban,equal to 3,living together,course, >1 hour,2 to 5 hours,0,yes,yes,yes,yes,yes,yes,yes,Medium,Low,Medium,14,10,8,9,6,12,11,11
229,Gabriel Pereira,Female,17,Urban,greater than 3,Apart,course,15 to 30 min.,5 to 10 hours,0,no,no,no,yes,yes,yes,yes,Low,Medium,Medium,10,12,10,12,2,14,16,15
230,Gabriel Pereira,Female,17,Urban,equal to 3,living together,reputation,<15 min,2 to 5 hours,0,no,no,no,yes,yes,yes,yes,Low,Medium,Medium,14,13,13,14,16,11,9,10
231,Gabriel Pereira,Male,17,Rural,greater than 3,living together,course,15 to 30 min.,2 to 5 hours,0,no,yes,yes,yes,yes,yes,yes,Very High,Low,Very Low,4,11,11,11,10,10,10,10
232,Gabriel Pereira,Male,17,Urban,greater than 3,living together,reputation,<15 min,2 to 5 hours,0,yes,yes,no,yes,yes,yes,yes,Very High,Very High,Low,14,11,9,9,4,12,13,13
233,Gabriel Pereira,Male,16,Urban,greater than 3,living together,reputation,<15 min,2 to 5 hours,0,no,yes,yes,yes,yes,yes,yes,Low,High,Very Low,2,14,13,13,0,12,12,13
234,Gabriel Pereira,Male,16,Urban,equal to 3,living together,home,15 to 30 min.,2 to 5 hours,0,no,yes,yes,no,yes,yes,yes,High,Low,Very High,18,9,7,6,0,11,10,11
235,Gabriel Pereira,Male,16,Urban,greater than 3,living together,reputation,15 to 30 min.,5 to 10 hours,0,no,no,no,yes,yes,yes,yes,Medium,Medium,Low,10,11,9,10,12,12,12,12
236,Gabriel Pereira,Male,17,Urban,equal to 3,living together,home,<15 min,2 to 5 hours,0,no,no,yes,yes,no,yes,yes,High,Low,High,4,14,13,13,0,13,13,14
237,Gabriel Pereira,Female,16,Urban,greater than 3,living together,home,<15 min,<2 hours,0,no,no,no,no,yes,yes,yes,Very High,Low,Very High,20,13,12,12,9,10,9,10
238,Gabriel Pereira,Female,17,Rural,greater than 3,living together,course,30 min. to 1 hour,2 to 5 hours,0,no,no,no,yes,yes,yes,no,Very Low,Very Low,Medium,2,13,11,11,4,15,16,16
239,Gabriel Pereira,Male,18,Urban,greater than 3,living together,reputation,<15 min,2 to 5 hours,1,no,no,no,no,yes,no,yes,Very High,High,Low,0,7,7,0,4,8,8,8
240,Gabriel Pereira,Male,17,Urban,equal to 3,living together,course,15 to 30 min.,2 to 5 hours,0,no,no,no,yes,yes,yes,yes,Very High,Very High,Very High,14,12,12,12,2,17,18,17
241,Gabriel Pereira,Male,17,Rural,equal to 3,Apart,course,15 to 30 min.,2 to 5 hours,0,no,yes,yes,no,yes,yes,yes,Medium,Medium,High,2,10,11,12,0,10,11,11
242,Gabriel Pereira,Male,16,Urban,equal to 3,living together,course,<15 min,<2 hours,0,no,no,no,yes,no,yes,yes,High,Very High,Medium,0,6,0,0,2,9,10,11
243,Gabriel Pereira,Male,16,Urban,greater than 3,living together,course,<15 min,<2 hours,0,no,no,no,yes,yes,yes,yes,Medium,Low,Very High,0,13,12,12,0,15,15,16
244,Gabriel Pereira,Female,18,Urban,greater than 3,living together,course,15 to 30 min.,5 to 10 hours,0,no,yes,yes,no,no,yes,yes,High,High,Medium,0,7,0,0,0,14,12,12
245,Gabriel Pereira,Male,16,Urban,greater than 3,living together,course,30 min. to 1 hour,<2 hours,0,no,no,no,no,yes,yes,yes,Medium,Medium,High,6,18,18,18,0,12,13,13
246,Gabriel Pereira,Male,17,Urban,greater than 3,living together,course,15 to 30 min.,<2 hours,0,no,no,no,no,yes,yes,yes,Low,Low,Low,4,12,12,13,0,13,13,13
247,Gabriel Pereira,Male,22,Urban,greater than 3,living together,other,<15 min,<2 hours,3,no,no,no,no,no,no,yes,High,Very High,Very Low,16,6,8,8,0,13,13,14
248,Gabriel Pereira,Male,18,Rural,equal to 3,living together,course,<15 min,2 to 5 hours,1,no,yes,no,no,yes,yes,yes,Medium,Medium,Very High,8,3,5,5,2,9,9,9
249,Gabriel Pereira,Male,16,Urban,greater than 3,living together,other,<15 min,<2 hours,0,no,no,yes,no,no,yes,yes,Medium,Low,Very High,0,13,15,15,0,12,12,12
250,Gabriel Pereira,Male,18,Urban,greater than 3,living together,course,15 to 30 min.,<2 hours,1,no,no,no,no,yes,no,yes,High,Very High,Very High,0,6,8,8,0,16,16,16
251,Gabriel Pereira,Male,16,Urban,greater than 3,living together,reputation,30 min. to 1 hour,2 to 5 hours,0,yes,yes,no,no,no,yes,yes,Medium,Medium,Low,6,7,10,10,4,9,10,10
252,Gabriel Pereira,Male,18,Urban,greater than 3,living together,other,<15 min,<2 hours,1,no,no,no,no,no,no,yes,Low,Very High,Very High,4,6,9,8,0,14,13,13
253,Gabriel Pereira,Male,16,Rural,greater than 3,living together,course,15 to 30 min.,<2 hours,0,no,no,no,yes,no,yes,no,Medium,Low,Medium,0,8,9,8,18,10,10,10
254,Gabriel Pereira,Male,17,Rural,greater than 3,living together,course,<15 min,<2 hours,0,no,no,no,no,no,yes,yes,High,Low,Very High,0,8,12,12,16,9,8,10
255,Gabriel Pereira,Male,17,Urban,equal to 3,living together,course,15 to 30 min.,<2 hours,1,no,yes,no,yes,yes,yes,yes,High,High,Very High,2,7,9,8,14,8,7,7
256,Gabriel Pereira,Female,17,Urban,equal to 3,living together,reputation,<15 min,  >10 hours,0,no,yes,yes,yes,yes,yes,yes,Low,Medium,High,6,14,12,13,26,7,8,8
257,Gabriel Pereira,Male,19,Urban,equal to 3,Apart,reputation,<15 min,2 to 5 hours,0,no,yes,no,no,yes,yes,yes,Medium,Very Low,Very Low,12,11,11,11,6,10,8,9
258,Gabriel Pereira,Male,18,Urban,greater than 3,living together,home,<15 min,2 to 5 hours,0,no,no,no,yes,yes,yes,yes,Low,High,High,8,15,14,14,4,14,14,15
259,Gabriel Pereira,Female,17,Urban,equal to 3,living together,course,<15 min,  >10 hours,0,no,no,yes,yes,yes,yes,yes,High,Very Low,Low,0,10,9,0,10,11,10,10
260,Gabriel Pereira,Female,18,Urban,greater than 3,living together,home,<15 min,2 to 5 hours,0,no,yes,yes,no,yes,yes,yes,Very Low,Low,Low,21,17,18,18,4,12,11,11
261,Gabriel Pereira,Male,18,Urban,greater than 3,living together,course,<15 min,2 to 5 hours,0,no,yes,yes,no,no,yes,yes,Medium,Low,Medium,2,8,8,8,2,13,13,13
262,Gabriel Pereira,Male,18,Rural,greater than 3,living together,course,<15 min,5 to 10 hours,0,no,no,no,yes,no,yes,no,Medium,Low,Medium,1,13,12,12,14,9,9,8
263,Gabriel Pereira,Female,17,Urban,greater than 3,living together,home,<15 min,5 to 10 hours,0,no,no,no,yes,no,yes,no,Low,Medium,High,4,10,9,9,16,8,7,8
264,Gabriel Pereira,Female,18,Urban,greater than 3,living together,home,<15 min,5 to 10 hours,0,no,yes,yes,yes,yes,yes,yes,Medium,Medium,Medium,0,9,10,0,8,11,9,10
265,Gabriel Pereira,Male,18,Rural,equal to 3,Apart,reputation,15 to 30 min.,2 to 5 hours,0,no,yes,yes,yes,yes,yes,yes,Low,Very High,Very Low,13,17,17,17,4,15,14,15
266,Gabriel Pereira,Male,17,Urban,greater than 3,living together,other,<15 min,2 to 5 hours,0,no,no,yes,yes,yes,yes,yes,High,High,Very High,2,9,9,10,4,15,14,14
267,Gabriel Pereira,Female,18,Rural,greater than 3,living together,reputation,15 to 30 min.,2 to 5 hours,0,no,no,yes,yes,yes,yes,yes,Medium,High,High,8,12,10,11,8,15,15,15
268,Gabriel Pereira,Male,18,Urban,greater than 3,living together,reputation,<15 min,2 to 5 hours,0,no,yes,yes,yes,yes,yes,yes,High,Very High,Very High,10,10,9,10,0,12,12,12
269,Gabriel Pereira,Female,18,Rural,greater than 3,living together,reputation,15 to 30 min.,2 to 5 hours,0,no,yes,no,no,yes,no,yes,Medium,Very High,Medium,0,6,0,0,7,14,14,15
270,Gabriel Pereira,Female,19,Urban,greater than 3,living together,home,<15 min,2 to 5 hours,2,no,yes,yes,yes,yes,yes,yes,Medium,Very High,Very High,15,9,9,9,4,14,15,15
271,Gabriel Pereira,Female,18,Urban,greater than 3,living together,reputation,<15 min,  >10 hours,0,no,yes,yes,yes,yes,yes,yes,Very High,Very High,Low,4,15,14,14,2,11,11,12
272,Gabriel Pereira,Female,18,Urban,equal to 3,living together,home,15 to 30 min.,2 to 5 hours,0,no,yes,yes,no,no,yes,no,High,Medium,Medium,2,11,11,11,2,13,14,15
273,Gabriel Pereira,Male,17,Rural,greater than 3,living together,home,<15 min,2 to 5 hours,0,no,yes,yes,yes,no,yes,no,Very High,Low,Very Low,2,15,14,14,10,11,11,11
274,Gabriel Pereira,Female,17,Urban,greater than 3,living together,reputation,15 to 30 min.,2 to 5 hours,0,no,yes,yes,no,yes,yes,yes,Medium,Medium,Very Low,2,10,10,10,10,10,9,10
275,Gabriel Pereira,Female,17,Urban,equal to 3,living together,course,15 to 30 min.,2 to 5 hours,0,yes,yes,yes,no,yes,yes,yes,High,High,Very High,6,12,12,12,10,12,10,11
276,Gabriel Pereira,Female,18,Rural,greater than 3,Apart,home,15 to 30 min.,2 to 5 hours,0,no,no,no,no,no,no,yes,Very Low,Very Low,Very High,75,10,9,9,7,15,16,16
277,Gabriel Pereira,Male,18,Urban,greater than 3,living together,home,15 to 30 min.,<2 hours,0,no,no,yes,yes,yes,yes,yes,Low,High,Medium,22,9,9,9,4,11,10,11
278,Gabriel Pereira,Female,18,Urban,greater than 3,living together,reputation,<15 min,2 to 5 hours,1,yes,yes,no,yes,yes,yes,yes,High,High,High,15,9,8,8,2,9,12,13
279,Gabriel Pereira,Male,18,Urban,equal to 3,living together,course,15 to 30 min.,<2 hours,0,no,no,yes,yes,yes,yes,yes,Low,Medium,Very Low,8,10,11,10,12,7,8,5
280,Gabriel Pereira,Male,17,Urban,equal to 3,Apart,home,15 to 30 min.,<2 hours,0,no,no,yes,yes,yes,yes,yes,Very High,High,Very High,30,8,8,8,8,10,9,10
281,Gabriel Pereira,Male,17,Urban,equal to 3,Apart,home,<15 min,<2 hours,1,no,no,no,no,yes,yes,yes,High,High,Medium,19,11,9,10,0,11,12,11
282,Gabriel Pereira,Female,18,Rural,equal to 3,living together,reputation,15 to 30 min.,  >10 hours,0,no,yes,yes,yes,yes,yes,no,Low,Low,Medium,1,12,12,12,8,7,8,7
283,Gabriel Pereira,Female,18,Urban,greater than 3,living together,home,15 to 30 min.,2 to 5 hours,0,yes,no,no,yes,yes,yes,yes,High,High,High,4,8,9,10,4,9,11,10
284,Gabriel Pereira,Female,17,Urban,greater than 3,living together,course,<15 min,2 to 5 hours,0,no,yes,no,no,no,yes,yes,High,Very High,Very High,4,10,9,11,4,7,8,6
285,Gabriel Pereira,Male,17,Urban,greater than 3,living together,reputation,<15 min,2 to 5 hours,0,no,no,yes,no,no,yes,yes,Medium,Medium,High,2,12,10,11,2,14,13,12
286,Gabriel Pereira,Female,18,Urban,greater than 3,living together,other,<15 min,5 to 10 hours,0,no,yes,yes,no,yes,yes,yes,Medium,Medium,Low,5,18,18,19,0,12,12,13
287,Gabriel Pereira,Female,17,Urban,greater than 3,living together,reputation,<15 min,5 to 10 hours,0,no,yes,yes,no,yes,yes,yes,Medium,Medium,Medium,6,13,12,12,0,9,10,10
288,Gabriel Pereira,Male,18,Urban,greater than 3,living together,reputation,<15 min,5 to 10 hours,0,no,no,yes,yes,yes,yes,yes,Low,High,Low,6,15,14,14,2,12,12,13
289,Gabriel Pereira,Male,18,Urban,equal to 3,Apart,reputation,<15 min,2 to 5 hours,0,no,yes,yes,yes,yes,yes,yes,High,Medium,Low,9,15,13,15,2,14,15,17
290,Gabriel Pereira,Male,18,Urban,greater than 3,living together,home,<15 min,2 to 5 hours,0,no,yes,yes,yes,yes,yes,yes,Medium,Low,Very High,11,12,11,11,0,10,10,11
291,Gabriel Pereira,Female,17,Urban,greater than 3,living together,reputation,<15 min,5 to 10 hours,0,no,yes,yes,no,yes,yes,yes,Low,Low,Medium,0,15,15,15,4,11,10,11
292,Gabriel Pereira,Female,18,Urban,equal to 3,living together,reputation,<15 min,2 to 5 hours,1,no,no,no,no,yes,yes,yes,High,Medium,Very High,12,12,12,13,2,11,12,14
293,Gabriel Pereira,Female,17,Rural,equal to 3,living together,reputation,15 to 30 min.,  >10 hours,0,no,yes,yes,no,yes,yes,no,Very Low,Low,Medium,6,18,18,18,4,11,12,14
294,Gabriel Pereira,Male,18,Rural,equal to 3,living together,reputation,15 to 30 min.,5 to 10 hours,0,no,yes,yes,yes,yes,yes,yes,High,Low,High,8,14,13,14,4,11,11,13
295,Gabriel Pereira,Male,17,Urban,greater than 3,living together,home,<15 min,<2 hours,0,no,yes,yes,no,yes,yes,yes,High,Medium,Very High,4,14,12,11,4,11,13,14
296,Gabriel Pereira,Female,19,Urban,greater than 3,living together,reputation,15 to 30 min.,2 to 5 hours,0,no,yes,yes,yes,yes,yes,yes,Medium,High,Low,0,10,9,0,2,16,16,16
297,Gabriel Pereira,Female,18,Urban,equal to 3,living together,home,15 to 30 min.,2 to 5 hours,0,no,yes,yes,no,yes,yes,yes,High,Very High,Low,10,10,8,8,0,9,10,10
298,Gabriel Pereira,Female,18,Urban,greater than 3,living together,reputation,<15 min,  >10 hours,0,no,yes,yes,no,yes,yes,yes,Medium,Medium,Medium,0,14,13,14,2,10,11,12
299,Gabriel Pereira,Male,18,Urban,equal to 3,living together,home,<15 min,<2 hours,0,no,yes,yes,no,yes,yes,yes,High,Low,Very Low,5,16,15,16,8,10,12,12
300,Gabriel Pereira,Female,18,Urban,equal to 3,Apart,home,<15 min,2 to 5 hours,0,no,yes,no,no,yes,yes,yes,Low,High,High,14,12,10,11,2,15,15,15
301,Gabriel Pereira,Male,17,Urban,equal to 3,living together,home,15 to 30 min.,<2 hours,0,no,no,yes,no,yes,yes,yes,Very Low,Very Low,Very High,0,11,11,10,2,10,10,11
302,Gabriel Pereira,Female,17,Urban,greater than 3,living together,reputation,15 to 30 min.,5 to 10 hours,0,no,yes,yes,no,yes,yes,yes,Medium,Medium,Medium,0,15,12,14,2,10,11,12
303,Gabriel Pereira,Female,17,Urban,greater than 3,living together,reputation,<15 min,  >10 hours,0,no,yes,yes,yes,no,yes,yes,Low,Low,Very High,0,17,17,18,2,15,12,13
304,Gabriel Pereira,Male,19,Urban,greater than 3,living together,home,<15 min,2 to 5 hours,1,no,yes,no,yes,yes,yes,yes,High,High,Medium,20,15,14,13,0,11,12,13
305,Gabriel Pereira,Female,18,Urban,greater than 3,living together,reputation,<15 min,2 to 5 hours,1,no,yes,yes,yes,yes,yes,yes,High,Medium,Medium,8,14,12,12,8,8,8,9
306,Gabriel Pereira,Male,20,Urban,greater than 3,Apart,course,<15 min,<2 hours,0,no,no,no,yes,yes,yes,no,Very High,Medium,Very High,0,17,18,18,6,15,16,16
307,Gabriel Pereira,Male,19,Urban,greater than 3,living together,reputation,15 to 30 min.,<2 hours,1,no,yes,yes,no,yes,yes,yes,Medium,High,High,38,8,9,8,0,11,11,14
308,Gabriel Pereira,Male,19,Rural,greater than 3,living together,reputation,<15 min,2 to 5 hours,1,no,no,no,yes,yes,yes,no,Very High,Medium,Very High,0,15,12,12,8,10,11,12
309,Gabriel Pereira,Female,19,Urban,equal to 3,living together,reputation,<15 min,2 to 5 hours,1,yes,yes,no,yes,no,yes,yes,High,Medium,Medium,18,12,10,10,4,10,12,14
310,Gabriel Pereira,Female,19,Urban,equal to 3,living together,home,<15 min,2 to 5 hours,1,no,no,no,yes,no,yes,no,Low,High,Medium,0,9,9,0,12,8,9,10
311,Gabriel Pereira,Female,19,Urban,greater than 3,living together,other,30 min. to 1 hour,2 to 5 hours,0,no,yes,no,no,yes,no,yes,High,Very Low,Low,20,14,12,13,16,11,12,12
312,Gabriel Pereira,Male,19,Urban,greater than 3,living together,course,<15 min,2 to 5 hours,1,no,no,no,no,no,yes,yes,Very High,Low,High,3,13,11,11,10,16,16,16
313,Gabriel Pereira,Female,19,Urban,equal to 3,living together,reputation,15 to 30 min.,2 to 5 hours,1,no,yes,yes,no,no,yes,yes,Low,Low,Very Low,22,13,10,11,2,13,13,13
314,Gabriel Pereira,Female,19,Urban,greater than 3,living together,home,<15 min,5 to 10 hours,2,no,no,no,no,no,yes,yes,Very Low,Low,Medium,14,15,13,13,2,16,17,18
315,Gabriel Pereira,Female,19,Rural,greater than 3,living together,reputation,<15 min,5 to 10 hours,1,no,no,no,no,yes,yes,yes,Very Low,Low,Medium,40,13,11,11,8,14,14,15
316,Gabriel Pereira,Female,18,Urban,greater than 3,living together,course,15 to 30 min.,2 to 5 hours,0,no,yes,yes,yes,yes,yes,yes,Medium,Medium,Very Low,0,8,8,0,6,15,16,16
317,Gabriel Pereira,Female,18,Urban,greater than 3,living together,course,<15 min,5 to 10 hours,0,no,yes,yes,yes,yes,yes,yes,Medium,High,Very High,9,9,10,9,6,12,12,12
318,Gabriel Pereira,Female,17,Rural,greater than 3,living together,course,<15 min,5 to 10 hours,0,no,yes,yes,yes,no,yes,yes,Medium,High,Very High,0,11,11,10,15,12,9,10
319,Gabriel Pereira,Female,18,Urban,greater than 3,living together,course,<15 min,2 to 5 hours,0,no,yes,yes,no,yes,yes,yes,High,High,Very High,2,11,11,11,6,11,12,12
320,Gabriel Pereira,Female,17,Urban,greater than 3,Apart,course,<15 min,2 to 5 hours,0,no,yes,yes,no,yes,yes,yes,Low,Low,Very High,23,13,13,13,2,14,12,13
321,Gabriel Pereira,Female,17,Urban,greater than 3,living together,course,<15 min,2 to 5 hours,0,no,yes,no,no,yes,yes,no,Low,Low,Medium,12,11,9,9,8,13,15,15
322,Gabriel Pereira,Female,17,Rural,equal to 3,living together,course,<15 min,5 to 10 hours,0,no,yes,yes,yes,yes,yes,yes,Medium,Low,Medium,3,11,11,11,0,9,8,10
323,Gabriel Pereira,Female,17,Urban,greater than 3,living together,course,<15 min,5 to 10 hours,0,no,yes,no,no,no,yes,yes,High,Medium,Very High,1,12,14,15,0,10,10,10
324,Gabriel Pereira,Female,17,Urban,equal to 3,living together,home,15 to 30 min.,5 to 10 hours,0,no,no,no,no,yes,yes,yes,Medium,Medium,Low,0,16,15,15,10,10,10,11
325,Gabriel Pereira,Male,18,Urban,greater than 3,living together,course,<15 min,5 to 10 hours,0,no,no,no,yes,yes,yes,yes,Medium,Medium,Medium,3,9,12,11,22,11,11,10
326,Gabriel Pereira,Male,17,Urban,greater than 3,living together,reputation,<15 min,<2 hours,0,no,no,no,yes,no,yes,yes,Medium,Very High,Very High,3,14,15,16,18,13,13,13
327,Gabriel Pereira,Male,17,Rural,greater than 3,living together,course, >1 hour,<2 hours,0,no,yes,no,no,yes,yes,yes,High,Very High,High,8,11,10,10,2,17,17,18
328,Gabriel Pereira,Female,17,Urban,greater than 3,living together,course,<15 min,5 to 10 hours,0,no,yes,yes,yes,yes,yes,yes,High,High,High,7,10,9,9,0,12,13,13
329,Gabriel Pereira,Female,17,Urban,greater than 3,living together,course,15 to 30 min.,5 to 10 hours,0,no,yes,yes,no,no,yes,yes,Medium,Medium,High,4,14,14,14,12,12,12,14
330,Gabriel Pereira,Male,18,Urban,equal to 3,living together,course,<15 min,  >10 hours,0,no,yes,no,yes,yes,yes,yes,Very High,Very High,Very High,2,9,8,8,10,12,13,14
331,Gabriel Pereira,Female,17,Rural,greater than 3,living together,course,<15 min,5 to 10 hours,0,no,yes,no,no,yes,yes,yes,High,Medium,Very High,7,12,14,14,0,12,12,12
332,Gabriel Pereira,Female,18,Urban,greater than 3,living together,home,<15 min,2 to 5 hours,0,no,no,no,yes,yes,yes,yes,Medium,High,High,0,7,0,0,0,18,18,18
333,Gabriel Pereira,Female,18,Urban,equal to 3,living together,home,<15 min,2 to 5 hours,0,no,no,no,yes,no,yes,yes,Medium,Medium,Low,0,8,8,0,0,13,13,14
334,Gabriel Pereira,Female,18,Rural,greater than 3,living together,course,15 to 30 min.,  >10 hours,0,no,no,no,yes,yes,yes,no,High,High,High,0,10,9,0,0,14,15,15
335,Gabriel Pereira,Female,17,Urban,greater than 3,living together,course,<15 min,5 to 10 hours,0,no,no,no,no,yes,yes,yes,High,Very High,Very High,16,16,15,15,0,17,17,17
336,Gabriel Pereira,Female,19,Rural,greater than 3,Apart,home,<15 min,5 to 10 hours,1,no,no,yes,no,yes,yes,no,High,Medium,Very High,12,14,13,13,2,15,16,16
337,Gabriel Pereira,Female,17,Urban,greater than 3,living together,home,<15 min,2 to 5 hours,0,no,yes,yes,no,yes,yes,yes,Medium,Low,Low,0,7,8,0,0,17,18,18
338,Gabriel Pereira,Female,18,Urban,equal to 3,living together,home,<15 min,  >10 hours,0,no,yes,no,no,yes,yes,yes,Medium,Medium,Very Low,7,16,15,17,0,18,19,19
339,Gabriel Pereira,Female,17,Rural,greater than 3,Apart,home,<15 min,2 to 5 hours,0,no,yes,yes,no,yes,yes,yes,Medium,Medium,Low,4,9,10,10,0,14,15,15
340,Gabriel Pereira,Female,19,Urban,greater than 3,living together,home,<15 min,5 to 10 hours,1,no,no,yes,yes,yes,yes,yes,Medium,High,Medium,4,11,12,11,0,14,15,15
341,Gabriel Pereira,Male,18,Urban,greater than 3,living together,home,<15 min,2 to 5 hours,1,no,yes,no,yes,yes,yes,yes,Medium,Medium,Low,0,10,10,0,2,14,13,13
342,Gabriel Pereira,Male,18,Urban,equal to 3,living together,home,<15 min,2 to 5 hours,0,no,no,no,yes,yes,yes,yes,Medium,Medium,Very High,11,16,15,15,0,13,14,14
343,Gabriel Pereira,Female,17,Urban,greater than 3,Apart,home,<15 min,2 to 5 hours,1,no,yes,no,no,yes,yes,yes,Medium,Very Low,High,0,9,8,0,0,16,17,17
344,Gabriel Pereira,Female,18,Urban,greater than 3,living together,course,<15 min,5 to 10 hours,0,no,yes,no,no,yes,yes,yes,Medium,Medium,Medium,4,11,10,10,0,18,18,17
345,Gabriel Pereira,Female,18,Urban,greater than 3,living together,other,<15 min,5 to 10 hours,0,no,no,no,no,yes,yes,yes,High,Medium,Very Low,7,13,13,14,0,14,15,15
346,Gabriel Pereira,Male,18,Rural,greater than 3,living together,course,<15 min,5 to 10 hours,0,no,no,no,no,yes,yes,yes,Medium,Low,High,9,16,15,16,0,12,13,13
347,Gabriel Pereira,Male,18,Urban,greater than 3,living together,course,<15 min,5 to 10 hours,0,no,yes,yes,no,yes,yes,yes,High,Very High,Very High,0,10,10,9,0,7,7,8
348,Gabriel Pereira,Female,17,Urban,greater than 3,living together,reputation,<15 min,5 to 10 hours,0,no,yes,yes,yes,yes,yes,yes,High,Medium,High,0,13,15,15,0,16,16,16
349,Mousinho da Silveira,Male,18,Rural,greater than 3,living together,course,15 to 30 min.,<2 hours,1,no,yes,no,no,no,yes,yes,Very High,Very High,Very High,10,11,13,13,0,18,18,18
350,Mousinho da Silveira,Male,19,Rural,greater than 3,living together,home,30 min. to 1 hour,2 to 5 hours,3,no,no,no,no,yes,yes,yes,High,High,Low,8,8,7,8,0,9,10,11
351,Mousinho da Silveira,Male,17,Urban,greater than 3,living together,course,15 to 30 min.,2 to 5 hours,0,no,yes,yes,no,yes,yes,yes,Very High,High,Medium,2,13,13,13,0,14,15,15
352,Mousinho da Silveira,Male,18,Urban,equal to 3,living together,course,<15 min,<2 hours,1,no,no,no,no,yes,no,yes,Medium,Medium,Medium,7,8,7,8,0,10,10,11
353,Mousinho da Silveira,Male,19,Rural,greater than 3,living together,home,30 min. to 1 hour,<2 hours,1,no,yes,no,no,yes,yes,yes,High,High,Very High,4,8,8,8,2,10,10,11
354,Mousinho da Silveira,Male,17,Rural,greater than 3,living together,home,15 to 30 min.,2 to 5 hours,0,no,yes,yes,yes,no,yes,yes,Very High,Very High,Low,4,13,11,11,2,12,12,15
355,Mousinho da Silveira,Female,18,Urban,greater than 3,living together,course,<15 min,2 to 5 hours,0,no,yes,no,no,yes,yes,no,Medium,High,Very High,0,10,9,9,2,11,12,14
356,Mousinho da Silveira,Female,17,Rural,greater than 3,living together,other,15 to 30 min.,2 to 5 hours,0,no,yes,yes,yes,yes,yes,yes,Medium,Medium,Very High,4,12,13,13,2,15,16,17
357,Mousinho da Silveira,Female,17,Urban,equal to 3,Apart,reputation,15 to 30 min.,2 to 5 hours,0,no,no,no,no,yes,yes,no,Low,Medium,Very High,2,12,12,11,2,14,15,17
358,Mousinho da Silveira,Male,18,Urban,equal to 3,living together,home,15 to 30 min.,<2 hours,0,no,no,no,no,no,yes,yes,Medium,Low,Medium,4,10,10,10,8,12,12,15
359,Mousinho da Silveira,Female,18,Urban,equal to 3,living together,course,15 to 30 min.,5 to 10 hours,0,no,no,no,no,yes,yes,yes,Medium,Low,High,0,18,16,16,2,15,15,17
360,Mousinho da Silveira,Female,18,Rural,equal to 3,Apart,course,30 min. to 1 hour,2 to 5 hours,0,no,no,no,no,yes,yes,no,Medium,High,Very High,0,13,13,13,8,11,12,14
361,Mousinho da Silveira,Male,18,Rural,equal to 3,living together,other,15 to 30 min.,2 to 5 hours,1,no,no,no,yes,no,no,no,High,Medium,Very High,2,13,12,12,9,11,10,10
362,Mousinho da Silveira,Female,18,Urban,greater than 3,living together,other,15 to 30 min.,2 to 5 hours,0,no,yes,no,no,yes,yes,yes,Medium,Low,Medium,0,11,11,10,0,12,11,13
363,Mousinho da Silveira,Female,17,Urban,equal to 3,living together,course,<15 min,2 to 5 hours,0,no,yes,yes,yes,yes,yes,yes,Medium,High,Very Low,0,16,15,15,4,11,12,14
364,Mousinho da Silveira,Female,17,Rural,greater than 3,living together,course,15 to 30 min.,2 to 5 hours,0,no,no,no,no,no,yes,no,Low,Low,Medium,0,12,11,12,2,14,15,17
365,Mousinho da Silveira,Male,18,Rural,greater than 3,living together,course,15 to 30 min.,2 to 5 hours,0,no,yes,yes,no,yes,yes,no,Medium,High,Medium,4,10,10,10,14,15,14,17
366,Mousinho da Silveira,Male,18,Urban,equal to 3,living together,other,15 to 30 min.,5 to 10 hours,0,no,no,yes,no,yes,yes,yes,Low,Low,Very High,0,13,13,13,0,12,12,13
367,Mousinho da Silveira,Female,17,Rural,greater than 3,living together,reputation,30 min. to 1 hour,<2 hours,1,no,yes,yes,no,yes,yes,yes,Low,Very Low,Very Low,0,7,6,0,2,11,12,14
368,Mousinho da Silveira,Female,18,Urban,greater than 3,living together,course,15 to 30 min.,<2 hours,0,no,yes,yes,no,yes,yes,yes,Low,Medium,High,0,11,10,10,2,8,9,11
369,Mousinho da Silveira,Female,18,Rural,greater than 3,living together,other,30 min. to 1 hour,2 to 5 hours,0,no,yes,yes,no,no,yes,yes,Low,Low,Very High,10,14,12,11,12,10,10,11
370,Mousinho da Silveira,Female,19,Urban,equal to 3,living together,home,15 to 30 min.,2 to 5 hours,2,no,no,no,yes,yes,yes,no,Low,Low,Medium,4,7,7,9,2,8,8,9
371,Mousinho da Silveira,Male,18,Rural,equal to 3,living together,other,30 min. to 1 hour,<2 hours,0,no,yes,yes,yes,yes,no,yes,Medium,Medium,Medium,3,14,12,12,2,10,10,10
372,Mousinho da Silveira,Female,17,Urban,greater than 3,living together,home,<15 min,5 to 10 hours,0,no,no,no,yes,yes,yes,no,High,Medium,Medium,8,13,11,11,4,14,13,13
373,Mousinho da Silveira,Female,17,Rural,greater than 3,living together,course,<15 min,<2 hours,0,no,no,no,yes,yes,yes,yes,Very High,Very High,Very Low,14,6,5,5,0,11,11,10
374,Mousinho da Silveira,Female,18,Rural,equal to 3,living together,reputation,15 to 30 min.,5 to 10 hours,0,no,no,no,no,yes,yes,yes,High,High,Very Low,0,19,18,19,0,17,18,17
375,Mousinho da Silveira,Female,18,Rural,greater than 3,living together,home, >1 hour,5 to 10 hours,0,no,no,no,no,yes,yes,yes,Medium,Low,High,2,8,8,10,0,14,14,15
376,Mousinho da Silveira,Female,20,Urban,greater than 3,living together,course,15 to 30 min.,5 to 10 hours,2,no,yes,yes,no,no,yes,yes,High,Medium,Medium,4,15,14,15,0,14,14,14
377,Mousinho da Silveira,Female,18,Rural,equal to 3,living together,course,<15 min,2 to 5 hours,0,no,no,yes,yes,yes,yes,yes,High,Medium,Low,4,8,9,10,0,13,14,13
378,Mousinho da Silveira,Female,18,Urban,greater than 3,living together,home,<15 min,2 to 5 hours,0,no,no,yes,no,yes,yes,yes,Very Low,Medium,Very Low,0,15,15,15,0,17,18,17
379,Mousinho da Silveira,Female,17,Rural,greater than 3,living together,reputation,<15 min,2 to 5 hours,0,no,yes,yes,yes,no,yes,yes,Very High,High,Very Low,17,10,10,10,2,11,10,10
380,Mousinho da Silveira,Male,18,Urban,greater than 3,living together,home,<15 min,2 to 5 hours,0,no,no,yes,yes,no,yes,yes,Low,High,Low,4,15,14,14,0,13,12,13
381,Mousinho da Silveira,Male,18,Rural,greater than 3,living together,other,15 to 30 min.,<2 hours,0,no,no,no,yes,no,yes,yes,High,Medium,Very High,5,7,6,7,4,15,14,15
382,Mousinho da Silveira,Male,17,Urban,greater than 3,living together,home,15 to 30 min.,2 to 5 hours,0,no,no,no,yes,yes,yes,yes,High,Medium,Medium,2,11,11,10,2,11,12,11
383,Mousinho da Silveira,Male,19,Rural,greater than 3,living together,other,15 to 30 min.,<2 hours,1,no,no,no,no,yes,yes,no,Medium,Low,Very High,0,6,5,0,0,11,11,12
384,Mousinho da Silveira,Male,18,Rural,greater than 3,living together,home,15 to 30 min.,<2 hours,1,no,no,yes,no,yes,yes,no,High,Medium,Medium,14,6,5,5,0,11,10,10
385,Mousinho da Silveira,Female,18,Rural,greater than 3,living together,other,15 to 30 min.,5 to 10 hours,0,no,no,yes,no,yes,yes,no,Medium,Medium,High,2,10,9,10,2,10,9,10
386,Mousinho da Silveira,Female,18,Rural,greater than 3,living together,reputation,30 min. to 1 hour,<2 hours,0,no,yes,yes,yes,yes,yes,yes,High,Medium,Very High,7,6,5,6,0,15,15,15
387,Mousinho da Silveira,Female,19,Rural,greater than 3,living together,course,<15 min,5 to 10 hours,1,no,no,no,yes,no,yes,yes,High,Low,Very High,0,7,5,0,6,15,14,15
388,Mousinho da Silveira,Female,18,Urban,equal to 3,living together,course,<15 min,2 to 5 hours,0,no,yes,yes,no,yes,yes,yes,Medium,High,Very Low,0,7,9,8,8,10,11,12
389,Mousinho da Silveira,Female,18,Urban,greater than 3,living together,course,15 to 30 min.,2 to 5 hours,1,no,no,no,yes,yes,yes,no,Very Low,Very Low,Very High,0,6,5,0,0,10,9,12
390,Mousinho da Silveira,Male,20,Urban,equal to 3,Apart,course,<15 min,2 to 5 hours,2,no,yes,yes,no,yes,yes,no,Very High,High,High,11,9,9,9,6,14,13,14
391,Mousinho da Silveira,Male,17,Urban,equal to 3,living together,course,15 to 30 min.,<2 hours,0,no,no,no,no,no,yes,yes,High,Very High,Low,3,14,16,16,8,11,13,14
392,Mousinho da Silveira,Male,21,Rural,greater than 3,living together,course,<15 min,<2 hours,3,no,no,no,no,no,yes,no,Very High,Medium,Medium,3,10,8,7,0,12,13,15
393,Mousinho da Silveira,Male,18,Rural,equal to 3,living together,course,30 min. to 1 hour,<2 hours,0,no,no,no,no,no,yes,yes,High,Very Low,Very High,0,11,12,10,4,14,14,15
394,Mousinho da Silveira,Male,19,Urban,equal to 3,living together,course,<15 min,<2 hours,0,no,no,no,no,yes,yes,yes,Low,Medium,Very High,5,8,9,9,0,14,14,16
